PUID,sg,trawl,sewage,farms,settle
1,0,0,0,0,2.58E+01
2,0.05,0,0,0,347
3,0,0,0,0,347
4,0.05,0,0,0,347
5,0.05,0,0,0,347
6,0,0,0,0,2.53E+01
7,0,0,0,0,2.14E-14
8,0,0,0,0,1.67E-07
9,0.05,0,0,0,309
10,0.05,0,0,0,309
11,0,0,0,0,417
12,0.05,0,0,0,2.69E-02
13,0,0,0,0,1.45E-30
14,0,0,0,0,8.81E-11
15,0.05,0,0,0,2.88E-06
16,0.05,0,0,0,8.86E-10
17,0.15,0,0,0,2.89E-11
18,0.05,0,0,0,440
19,0,0,0,0,9.62E+00
20,0,0,0,0,8.31E-03
21,0,0,0,0,3.39E-02
22,0,0,0,0,4.00E-03
23,0,0,0,0,7.74E-11
24,0,0,0,0,4.09E-07
25,0,0,0,0,362
26,0,0,0,0,362
27,0,0,0,0,362
28,0,0,0,0,362
29,0,0,0,0,217
30,0,0,0,0,217
31,0.05,0,0,0,217
32,0.05,0,0,0,217
33,0,0,0,0,2.34E-13
34,0,0,0,0,2.82E-46
35,0.05,0,0,0,1.46E-24
36,0.05,0,0,0,7.58E-03
37,0.05,0,0,0,407
38,0,0,0,0,1.04E-05
39,0,0,0,0,2.19E+01
40,0,0,0,0,347
41,0,0,0,0,145.1169226
42,0,0,0,0,5.93E+00
43,0,0,0,0,8.74E-06
44,0.05,0,0,0,309
45,0,0,0,0,347
46,0,0,0,0,347
47,0,0,0,0,347
48,0.05,0,0,0,68
49,0.05,0,0,0,157
50,0.05,0,0,0,157
51,0.05,0,0,0,417
52,0.05,0,0,0,417
53,0,0,0,0,6.43E-04
54,0,0,0,0,2.53E-46
55,0,0,0,0,1.26E-24
56,0.05,0,0,0,6.30E-03
57,0.05,0,0,0,407
58,0.05,0,0,0,309
59,0,0,0,0,309
60,0,0,0,0,417
61,0.05,0,0,0,417
62,0,0,0,0,7.26E-01
63,0,0,0,0,407
64,0,0,0,0,417
65,0,0,0,0,417
66,0,0,0,0,417
67,0,0,0,0,217
68,0,0,0,0,217
69,0,0,0,0,8.72E+00
70,0,0,0,0,3.07E-39
71,0,0,0,0,9.51E-26
72,0.05,0,0,0,9.61E-23
73,0.15,0,0,0,5.37E-14
74,0.15,0,0,0,407
75,0,0,0,0,407
76,0,0,0,0,217
77,0,0,0,0,217
78,0,0,0,0,217
79,0,0,0,0,217
80,0,0,0,0,217
81,0,0,0,0,217
82,0,0,0,0,5.93E-29
83,0,0,0,0,5.12E-09
84,0.05,0,0,0,4.98E-01
85,0.05,0,0,0,9.10E-03
86,0.15,0,0,0,1.42E+01
87,0.05,0,0,0,440
88,0,0,0,0,217
89,0.05,0,0,0,217
90,0.05,0,0,0,1.48E-02
91,0,0,0,0,1.57E-15
92,0,0,0,0,4.53E-28
93,0,0,0,0,2.35E-06
94,0.05,0,0,0,407
95,0.05,0,0,0,9.63E-02
96,0.15,0,0,0,9.59E-10
97,0.05,0,0,0,440
98,0,0,0,0,250
99,0,0,0,0,202
100,0,0,0,0,134
101,0,0,0,0,134
102,0.05,0,0,0,49
103,0,1,0,0,3.55E-02
104,0,3,0,0,4.58E-07
105,0,4,0,0,1.08E-13
106,0,8,0,0,1.98E-15
107,0,0,0,0,250
108,0,0,0,0,362
109,0,0,0,0,217
110,0.05,0,0,0,217
111,0,0,0,0,2.23E-16
112,0,0,1,0,3940
113,0,0,0,0,3940
114,0,0,0,0,3940
115,0,0,0,0,250
116,0,0,0,0,250
117,0,0,0,0,250
118,0,0,0,0,250
119,0,0,0,0,4.10E-08
120,0,0,0,0,362
121,0,0,0,0,362
122,0,0,0,0,217
123,0,0,0,0,4.49E-13
124,0,1,0,0,5.49E-40
125,0,0,0,0,5.81E-40
126,0,0,0,0,2.58E-41
127,0,0,0,0,6.93E-27
128,0,0,0,0,1.26E-14
129,0,0,0,0,2.30E-14
130,0,0,0,0,1.44E-19
131,0,0,0,0,1.32E-10
132,0,0,0,0,5.74E-04
133,0,0,0,0,7.61E-05
134,0,0,0,0,3.38E-20
135,0,0,0,0,5.44E-15
136,0,0,0,0,5.69E-10
137,0,0,0,0,123
138,0,0,0,1,362
139,0,0,0,0,362
140,0,0,0,0,362
141,0,0,0,0,362
142,0,0,0,0,167
143,0.05,0,0,0,3.32E-06
144,0.05,0,0,0,1.55E-15
145,0,0,0,0,7.36E-18
146,0,0,0,0,1.63E-18
147,0,1,0,0,1.86E-41
148,0,0,0,0,1.63E-29
149,0.05,0,0,0,5.56E-28
150,0.05,0,0,0,6.94E-30
151,0.05,0,0,0,2.49E-12
152,0.15,0,0,0,4.72E-02
153,0.15,0,0,0,2.56E-01
154,0.15,0,0,0,1.76E+00
155,0.15,0,0,0,2.01E+00
156,0,0,0,0,3940
157,0,1,0,0,2.36E-28
158,0.35,1,0,0,2.69E-18
159,0.05,1,0,0,3.01E-18
160,0,0,0,0,9.02E-23
161,0,0,0,0,3.84E-12
162,0.05,0,0,0,9522
163,0.15,0,0,0,9522
164,0.05,0,0,0,1.50E-01
165,0.05,0,0,0,9522
166,0.05,0,0,0,9522
167,0,0,0,0,9522
168,0,0,0,0,8.20E-02
169,0,0,0,0,263
170,0,0,0,0,263
171,0,0,0,0,263
172,0,0,0,0,362
173,0,0,0,0,167
174,0,0,0,0,167
175,0.05,0,0,0,4.60E-03
176,0,0,0,0,8.88E-25
177,0.05,0,0,0,6.67E-08
178,0.05,0,0,0,4.93E-12
179,0,0,0,0,9.95E-28
180,0,2,0,0,6.65E-49
181,0,1,0,0,9.58E-34
182,0,1,0,0,1.51E-15
183,0.35,0,0,0,1.17E+03
184,0.15,0,0,0,9522
185,0.05,0,0,0,4.67E-01
186,0.05,0,0,0,9522
187,0.15,0,0,0,9522
188,0,0,0,0,9522
189,0,0,0,0,9522
190,0,0,1,0,9522
191,0,0,0,0,9522
192,0,0,0,0,9522
193,0,0,0,1,739
194,0,0,0,0,263
195,0,0,0,0,263
196,0.05,0,0,0,3.46E-60
197,0.05,0,0,0,2.59E-41
198,0.35,0,0,0,8.78E-27
199,0.35,0,0,0,2.82E-21
200,0.35,0,0,0,6.00E-04
201,0,0,0,0,327
202,0,6,0,0,433
203,0,14,0,0,4.02E-14
204,0,32,0,0,7.75E-36
205,0,0,0,0,435
206,0.05,0,0,0,435
207,0,0,0,0,956
208,0.05,0,0,0,956
209,0,0,0,0,956
210,0.05,0,0,0,956
211,0.05,2,0,0,1.43E-02
212,0,0,0,0,2.91E-12
213,0.15,0,0,0,1.12E-04
214,0.15,0,0,0,384
215,0,0,0,0,384
216,0,0,0,0,264
217,0.05,0,0,0,264
218,0.05,0,0,0,1.68E-06
219,0.05,0,0,0,5.71E-12
220,0,0,0,0,1.59E-20
221,0,1,0,0,8.80E-05
222,0,12,0,0,6.37E-15
223,0,12,0,0,1.15E-17
224,0.15,0,0,0,2.08E-40
225,0.35,0,0,0,1.08E-18
226,0.35,0,0,0,674
227,0,0,0,0,674
228,0,0,0,0,812
229,0,0,0,0,447
230,0,0,0,0,447
231,0.05,0,0,0,447
232,0.05,0,0,0,447
233,0,0,0,0,3.59E-06
234,0,23,0,0,2.30E-19
235,0,20,0,0,3.50E-09
236,0,4,0,0,5.95E+00
237,0.05,0,0,0,203
238,0,0,0,0,203
239,0,0,1,0,617
240,0,0,0,0,49
241,0,0,0,0,49
242,0,0,0,0,261
243,0.05,0,0,0,261
244,0.05,3,0,0,261
245,0.05,3,0,0,68.91794278
246,0,5,0,0,8.34E-08
247,0.15,2,0,0,2.41E-30
248,0.35,2,0,0,3.10E-20
249,0.35,0,0,0,4.73E-03
250,0.15,0,0,0,9522
251,0,0,0,0,9522
252,0.15,0,0,0,9522
253,0.15,0,0,0,9522
254,0,0,0,0,9522
255,0,0,0,0,812
256,0,0,0,0,739
257,0,0,0,0,739
258,0,0,0,0,739
259,0,0,0,0,202
260,0.05,0,0,0,202
261,0.05,0,0,0,3.71E-15
262,0.15,2,0,0,1.58E-40
263,0.35,2,0,0,6.16E-19
264,0.35,0,0,0,2.39E+00
265,0.15,0,0,0,9522
266,0,0,0,0,9522
267,0,0,0,0,812
268,0,0,0,0,812
269,0,0,0,0,812
270,0,0,0,0,202
271,0.05,0,0,0,370.1804593
272,0,0,0,0,5.57E-16
273,0,0,0,0,4.55E-40
274,0,0,0,0,1.67E-38
275,0,0,0,0,2.09E-32
276,0,0,0,0,414
277,0.05,0,0,0,3.67E-01
278,0,0,0,0,2.26E-09
279,0.05,0,0,0,1.76E-22
280,0.05,0,0,0,2.60E-21
281,0,0,0,0,1.08E-10
282,0,0,0,0,4.96E-10
283,0,0,0,0,2.70E-13
284,0.15,1,0,0,2.48E-36
285,0.35,0,0,0,2.17E-19
286,0.35,0,0,0,7.07E+01
287,0,0,0,0,674
288,0,0,0,0,414
289,0.05,0,0,0,3.80E+00
290,0.05,0,0,0,6.19E-04
291,0.05,0,0,0,1.47E-10
292,0.05,0,0,0,122
293,0.05,0,0,0,122
294,0.05,0,0,0,7.32E-08
295,0,0,0,0,5.86E-15
296,0,0,0,0,3.13E-13
297,0,0,0,0,9.51E-11
298,0,0,0,0,1.87E-04
299,0,0,0,0,2.38E-05
300,0,0,0,0,1.75E-09
301,0,0,0,0,8.91E-14
302,0,0,0,0,1.60E-09
303,0,0,0,0,5.50E-12
304,0,0,0,0,1.31E-51
305,0,0,0,0,1.52E-61
306,0,1,0,0,6.15E-42
307,0.15,0,0,0,2.34E-22
308,0.15,0,0,0,8.65E-06
309,0.15,0,0,0,493
310,0,0,0,0,493
311,0,0,0,0,414
312,0,0,0,0,414
313,0.05,0,0,0,1.61E+01
314,0.05,0,0,0,1.67E+01
315,0.05,0,0,0,122
316,0,0,0,0,122
317,0.05,0,0,0,133
318,0.05,0,0,0,150
319,0.05,0,0,0,150
320,0.05,0,0,0,306
321,0.05,0,0,0,306
322,0.05,0,0,0,306
323,0.05,0,0,0,209
324,0.05,0,0,0,209
325,0.05,0,0,0,209
326,0.05,0,0,0,209
327,0,0,0,0,2.16E-15
328,0,0,0,0,58.14403087
329,0,0,0,0,58.35534629
330,0,0,0,0,4.91E-06
331,0,0,0,0,1.60E+00
332,0,0,0,0,4.41E-03
333,0,0,0,0,8.00E-11
334,0,1,0,0,3.13E-14
335,0,1,0,0,1.31E-23
336,0,0,0,0,3.57E-26
337,0,0,0,0,4.37E-32
338,0,0,0,0,2.00E-41
339,0,4,0,0,9.74E-54
340,0.05,0,0,0,4.82E-36
341,0.15,0,0,0,1.07E-15
342,0.15,0,0,0,471
343,0,0,0,0,493
344,0.05,0,0,0,209
345,0,2,0,0,8.38E-13
346,0,12,0,0,2.19E-11
347,0,11,0,0,61.60189036
348,0.05,3,0,0,203
349,0,0,0,0,203
350,0,0,0,0,203
351,0,0,0,0,203
352,0,1,0,0,203
353,0,1,0,0,203
354,0,0,0,0,203
355,0.05,0,0,0,203
356,0,0,0,0,203
357,0,0,0,0,134
358,0,0,0,0,134
359,0.05,0,0,0,134
360,0,0,0,0,1.34E-05
361,0,0,0,0,1.24E-14
362,0,0,0,0,122
363,0,0,0,0,122
364,0,0,0,0,133
365,0.05,0,0,0,133
366,0,0,0,0,133
367,0,0,0,0,150
368,0,0,0,0,306
369,0,0,0,0,209
370,0.05,0,0,0,209
371,0,0,0,0,4.46E-15
372,0,2,0,0,184.5704031
373,0,2,0,0,203
374,0.05,0,0,0,203
375,0,0,0,0,203
376,0,0,0,0,203
377,0.05,0,0,0,203
378,0.05,1,0,0,203
379,0.05,1,0,0,6.25E-02
380,0.05,1,0,0,6.14E-06
381,0.05,1,0,0,2.37E-07
382,0.05,1,0,0,3.19E-06
383,0,0,0,0,2.38E-07
384,0.05,0,0,0,1.02E-05
385,0.05,0,0,0,2.68E-04
386,0.05,0,0,0,1.79E-04
387,0.05,0,0,0,1.23E-13
388,0,0,0,0,2.99E-23
389,0,4,0,0,2.94E-34
390,0.05,0,0,0,1.03E-54
391,0.15,0,0,0,5.36E-33
392,0.35,0,0,0,2.78E-11
393,0.15,0,0,0,471
394,0,0,0,0,471
395,0.05,0,0,0,7.73E-55
396,0.15,0,0,0,3.35E-33
397,0.35,0,0,0,8.18E-12
398,0.15,0,0,0,1.33E+00
399,0,0,0,0,327
400,0,0,0,0,327
401,0,0,0,0,209
402,0.05,0,0,0,182.5807195
403,0,10,0,0,1.52E-15
404,0,18,0,0,5.20E-16
405,0,10,0,0,4.94E-08
406,0.05,7,0,0,203
407,0,0,0,0,203
408,0,0,0,0,203
409,0,12,0,0,1.48E-14
410,0,0,0,0,8.30E-72
411,0.05,0,0,0,8.55E-57
412,0.05,0,0,0,4.34E-47
413,0.05,0,0,0,7.01E-28
414,0.35,0,0,0,1.56E-09
415,0.05,0,0,0,327
416,0,0,0,0,197
417,0,0,0,0,635
418,0,0,0,0,83
419,0,0,0,0,150
420,0,0,0,0,150
421,0.05,0,0,0,447
422,0.05,0,0,0,6.64E+01
423,0,0,0,0,5.01E-03
424,0,0,0,0,8.58E-10
425,0,0,0,0,8.37E-10
426,0,0,0,0,2.25E-20
427,0,6,0,0,1.61E-18
428,0,0,0,0,2.14E-12
429,0.15,0,0,0,2.97E-04
430,0.15,0,0,0,617
431,0.05,0,0,0,617
432,0,0,0,0,261
433,0,0,0,0,261
434,0.05,1,0,0,261
435,0,3,0,0,1.10E+01
436,0,6,0,0,2.77E-12
437,0,0,0,0,4.05E-08
438,0.05,1,0,0,2.45E-75
439,0.05,0,0,0,5.07E-57
440,0.05,0,0,0,3.11E-40
441,0.05,0,0,0,1.69E-22
442,0,0,0,0,1.73E-07
443,0,0,0,0,197
444,0,0,0,0,635
445,0.15,0,0,0,635
446,0,0,0,1,83
447,0.05,0,0,0,2.79E+00
448,0,0,0,0,8.23E-07
449,0,0,0,0,1.82E-13
450,0,0,0,0,1.47E-18
451,0,0,0,0,5.14E-16
452,0,0,0,0,1.08E-06
453,0,0,0,0,6.01E-05
454,0,0,0,0,1.89E-05
455,0,8,0,0,3.89E-06
456,0,0,0,0,6.90E+00
457,0.15,0,0,0,237
458,0.05,0,0,0,431
459,0.05,0,0,0,617
460,0,0,0,0,66
461,0.05,0,0,0,66
462,0,9,0,0,9.73E-14
463,0.05,0,0,0,221
464,0.05,0,0,0,151.3027356
465,0.05,0,0,0,217.3986362
466,0.05,0,0,0,221
467,0.05,0,0,0,956
468,0.05,0,0,0,956
469,0.05,0,0,0,7.89E-77
470,0.05,0,0,0,6.99E-59
471,0.35,0,0,0,3.81E-43
472,0.35,0,0,0,3.34E-22
473,0.15,0,0,0,2.24E-02
474,0.15,0,0,0,728
475,0,0,0,0,728
476,0.05,0,0,0,1223
477,0.05,0,0,0,9.96E-03
478,0,0,0,0,2.43E-10
479,0,0,0,0,7.81E-11
480,0,0,0,0,48.16648336
481,0.05,0,0,0,56
482,0,0,0,0,56
483,0,0,0,0,56
484,0,0,0,0,260
485,0,0,0,0,2.78E-33
486,0,0,0,0,1.95E-15
487,0,0,0,0,2.19E-08
488,0,0,0,0,2.69E-08
489,0,0,0,0,1.31E-15
490,0,0,0,0,5.63E-19
491,0.05,7,0,0,1.20E+02
492,0,0,0,0,698
493,0,0,0,0,1079
494,0.05,3,0,0,1079
495,0.15,7,0,0,3.05E-15
496,0.05,13,0,0,5.89E-37
497,0,58,0,0,1.14E-58
498,0,0,0,0,3.53E-15
499,0,0,0,0,4.59E-11
500,0.05,0,0,0,4.59E-11
501,0.35,0,0,0,1.25E-04
502,0.35,0,0,0,680
503,0.35,0,0,0,4.62E-01
504,0.35,0,0,0,1.81E-14
505,0.05,0,0,0,5.97E-03
506,0,0,0,0,1442
507,0,0,0,0,901
508,0.05,0,0,0,9.28E+01
509,0,0,0,0,3.85E-02
510,0,1,0,0,1.65E-107
511,0.05,1,0,0,1.04E-74
512,0.15,1,0,0,1.30E-57
513,0.15,0,0,0,1.15E-41
514,0.05,0,0,0,3.23E-28
515,0,0,0,0,1.58E-06
516,0,0,0,0,197
517,0,0,0,0,342
518,0.15,0,0,0,635
519,0.15,0,0,0,635
520,0.15,0,0,0,3.30E-01
521,0.15,0,0,0,635
522,0,0,0,0,56
523,0,0,0,0,126
524,0,0,0,0,126
525,0.05,0,0,0,41
526,0.05,0,0,0,52
527,0.05,0,0,0,83
528,0.05,0,0,0,1.74E-01
529,0,0,0,0,1.30E-15
530,0,0,0,0,9.34E-16
531,0,0,0,0,1.40E-06
532,0,0,0,0,42
533,0.05,0,0,0,42
534,0,0,0,0,42
535,0.05,0,0,0,42
536,0,1,0,0,3.13E-04
537,0,13,0,0,1.78E-15
538,0,4,0,0,327
539,0.05,2,0,0,327
540,0,0,0,0,327
541,0,0,0,0,66
542,0,0,0,0,221
543,0.05,0,0,0,221
544,0,0,0,0,221
545,0,0,0,0,221
546,0,0,0,0,221
547,0,0,0,0,956
548,0,0,0,0,956
549,0.05,0,0,0,956
550,0.05,0,0,0,956
551,0,0,0,0,8.82E-05
552,0,1,0,0,2.00E-97
553,0.15,0,0,0,3.00E-44
554,0.15,0,0,0,7.94E-28
555,0,0,0,0,1.11E-11
556,0,0,0,0,64.51423991
557,0,0,0,0,728
558,0.05,0,0,0,342
559,0.15,0,0,0,100.1798777
560,0.05,0,0,0,1.45E-08
561,0.05,0,0,0,1.08E-17
562,0,0,0,0,1.07E-22
563,0.05,0,0,0,1.99E-06
564,0,0,0,0,56
565,0.05,0,0,0,56
566,0.05,0,0,0,56
567,0.05,0,0,0,56
568,0.05,0,0,0,32.80986868
569,0.05,0,0,0,8.81E-03
570,0,0,0,0,2.09E-07
571,0,0,0,0,7.70E-12
572,0,0,0,0,1.32E-15
573,0,0,0,0,4.34E-22
574,0,0,0,0,8.38E-14
575,0,0,0,0,8.32E-12
576,0,0,0,0,4.84E-04
577,0.05,0,0,0,325
578,0,0,0,0,42
579,0,0,0,0,42
580,0,0,0,0,260
581,0.05,0,0,0,9.38E-04
582,0,18,0,0,6.78E-06
583,0,9,0,0,327
584,0.05,2,0,0,327
585,0.05,0,0,0,327
586,0,0,0,0,989
587,0,0,0,0,433
588,0.05,5,0,0,433
589,0,5,0,0,433
590,0,15,0,0,1.77E-10
591,0,22,0,0,2.45E-20
592,0,0,0,0,367
593,0,0,0,0,221
594,0,0,0,0,956
595,0.05,0,0,0,956
596,0,0,0,0,3.37E-03
597,0.05,0,0,0,3.90E-49
598,0.15,0,0,0,3.01E-29
599,0.15,0,0,0,4.56E-14
600,0.05,0,0,0,160
601,0,0,0,0,160
602,0,0,0,0,728
603,0,0,0,0,1223
604,0.15,0,0,0,1.61E-02
605,0,0,0,0,3.74E-18
606,0,0,0,0,2.13E-14
607,0,0,0,0,1.53E-12
608,0,0,0,0,2.19E-13
609,0,0,0,0,1.45E-18
610,0,0,0,0,9.46E-20
611,0,0,0,0,5.75E-16
612,0,0,0,0,4.42E-08
613,0,0,0,0,3.73E-01
614,0.05,0,0,0,56
615,0.05,0,0,0,56
616,0.05,0,0,0,325
617,0.05,0,0,0,325
618,0,0,0,0,260
619,0.05,0,0,0,260
620,0,0,0,0,2.88E-08
621,0,0,0,0,7.59E-02
622,0,7,0,0,5.02E-03
623,0,8,0,0,2.61E-15
624,0,6,0,0,327
625,0.05,0,0,0,327
626,0,0,0,0,327
627,0,0,0,0,327
628,0,0,0,0,433
629,0,7,0,0,433
630,0,18,0,0,1.05E-01
631,0,31,0,0,3.60E-20
632,0.05,0,0,0,220
633,0,0,0,0,220
634,0,0,0,0,956
635,0.05,0,0,0,956
636,0,0,0,0,6.69E-05
637,0,0,0,0,260
638,0.05,0,0,0,260
639,0.05,0,0,0,260
640,0.05,0,0,0,260
641,0,0,0,0,1.44E-13
642,0,6,0,0,194
643,0,0,0,0,194
644,0.05,0,0,0,2.50E-02
645,0.05,0,0,0,194
646,0,0,0,0,194
647,0,0,0,0,2.96E+01
648,0.05,0,0,0,220
649,0.05,0,0,0,2.14E+01
650,0.05,0,0,0,220
651,0,0,0,0,956
652,0.05,0,0,0,956
653,0,0,0,0,1.15E-10
654,0,1,0,0,8.85E-59
655,0.05,0,0,0,1.51E-46
656,0.35,0,0,0,1.93E-28
657,0.35,0,0,0,1.85E-12
658,0.15,0,0,0,728
659,0,0,0,0,728
660,0.05,0,0,0,1223
661,0.05,0,0,0,1223
662,0,0,0,0,1.42E-06
663,0,0,0,0,2.33E-16
664,0,0,0,0,2.17E+00
665,0,0,0,0,1826
666,0,0,0,0,1826
667,0.05,0,0,0,56
668,0.05,0,0,0,56
669,0,0,0,0,56
670,0,0,0,0,260
671,0,0,0,0,260
672,0,0,0,0,260
673,0.05,0,0,0,260
674,0,0,0,0,9.80E-14
675,0,16,0,0,7.94E-17
676,0,6,0,0,2.25E-16
677,0,1,0,0,4.19E-09
678,0.05,0,0,0,194
679,0,0,0,0,194
680,0,6,0,0,433
681,0,12,0,0,2.05E-14
682,0,34,0,0,9.25E-29
683,0,0,0,0,1.13E-05
684,0.05,0,0,0,220
685,0.05,0,0,0,220
686,0,0,0,0,220
687,0,0,0,0,220
688,0,0,0,0,956
689,0.05,0,0,0,956
690,0.05,1,0,0,2.39E-42
691,0.05,1,0,0,9.20E-29
692,0.35,0,0,0,4.79E-16
693,0.15,0,0,0,2.88E+01
694,0.15,0,0,0,262
695,0,0,0,0,728
696,0,0,0,0,1223
697,0,0,0,0,1223
698,0,0,1,0,1223
699,0.05,0,0,0,1.69E-01
700,0,0,0,0,1.46E-11
701,0,0,0,0,6.29E-09
702,0,0,0,0,3.65E-07
703,0,0,0,0,1826
704,0,0,0,0,1826
705,0,0,0,0,1826
706,0,0,0,0,50
707,0,0,0,0,50
708,0,0,0,0,171
709,0.05,0,0,0,260
710,0.05,0,0,0,260
711,0.05,0,0,0,260
712,0.05,0,0,0,260
713,0,0,0,0,1.74E-05
714,0,9,0,0,8.23E-31
715,0,2,0,0,4.27E-09
716,0.05,1,0,0,194
717,0,0,0,0,194
718,0,1,0,0,7548
719,0,7,0,0,1.65E-02
720,0,18,0,0,3.16E-08
721,0,17,0,0,1.52E-21
722,0,0,0,0,435
723,0.05,0,0,0,435
724,0.05,0,0,0,435
725,0.05,0,0,0,220
726,0,0,0,0,956
727,0.05,0,0,0,1.29E-01
728,0.05,1,0,0,3.31E-30
729,0.35,0,0,0,5.16E-12
730,0.35,0,0,0,1.85E+01
731,0.15,0,0,0,262
732,0,0,0,0,262
733,0.05,0,0,0,1223
734,0.05,0,0,0,2.36E+01
735,0,0,0,0,3.19E-07
736,0,0,0,0,2.86E-10
737,0,0,0,0,4.56E+01
738,0.05,0,0,0,354
739,0,0,0,0,354
740,0.05,0,0,0,1826
741,0.05,0,0,0,1826
742,0.05,0,0,0,1826
743,0.05,0,0,0,2.88E-01
744,0.05,0,0,0,50
745,0,0,0,0,50
746,0,0,0,0,50
747,0,0,0,0,171
748,0.05,0,0,0,171
749,0.05,0,0,0,2.12E-03
750,0,2,0,0,6.07E-12
751,0,0,0,0,8.96E-04
752,0.05,0,0,0,3.72E-04
753,0,5,0,0,1.15E-18
754,0,7,0,0,2.08E-13
755,0.05,6,0,0,194
756,0,1,0,0,194
757,0,0,0,0,226
758,0,0,0,0,181
759,0,0,0,0,7548
760,0,0,0,0,7548
761,0,0,0,0,7548
762,0,4,0,0,3.16E-15
763,0,0,0,0,6.09E-37
764,0,0,0,0,435
765,0.05,0,0,0,435
766,0,0,0,0,435
767,0,0,0,0,435
768,0,0,0,0,220
769,0.05,0,0,0,956
770,0,0,0,0,1.82E-17
771,0,0,0,0,3.18E-65
772,0,0,0,0,1.90E-44
773,0.05,0,0,0,1.36E-23
774,0.35,0,0,0,6.03E-03
775,0.15,0,0,0,262
776,0,0,0,0,262
777,0,0,0,0,443
778,0,0,0,0,1223
779,0.05,2,0,0,9.46E-02
780,0,0,0,0,7.89E-18
781,0,0,0,0,2.66E-13
782,0,0,0,0,354
783,0,0,0,0,354
784,0,0,0,0,354
785,0.05,0,0,0,1826
786,0.05,0,0,0,1826
787,0.05,0,0,0,4.91E-07
788,0.05,0,0,0,50
789,0.05,0,0,0,171
790,0,0,0,0,171
791,0,0,0,0,171
792,0,0,0,0,171
793,0.05,0,0,0,171
794,0,0,0,0,171
795,0,2,0,0,1.56E-04
796,0,14,0,0,1826
797,0,5,0,0,1826
798,0,2,0,0,1826
799,0,3,0,0,3.10E+02
800,0,3,0,0,3.34E-11
801,0,9,0,0,4.20E-09
802,0.05,3,0,0,1.59E+01
803,0,1,0,0,226
804,0.05,0,0,0,226
805,0,0,0,0,226
806,0,0,0,0,539
807,0,0,0,0,539
808,0,0,0,0,7548
809,0,0,0,0,7548
810,0,0,0,0,7548
811,0,0,0,0,2.99E-15
812,0,0,0,0,5.94E-37
813,0.05,0,0,0,7.65E-60
814,0.05,0,0,0,1.65E-38
815,0.35,0,0,0,2.68E-17
816,0.15,0,0,0,159
817,0,0,0,0,170
818,0,0,0,0,545
819,0,1,0,0,443
820,0,1,0,0,443
821,0.05,5,0,0,4.73E-02
822,0,15,0,0,2.67E-08
823,0,23,0,0,2.61E-14
824,0,0,0,0,1.41E-01
825,0.05,0,0,0,354
826,0,0,0,0,354
827,0,0,0,0,1826
828,0,0,0,0,1826
829,0,0,0,0,1826
830,0.05,0,0,0,1.02E-05
831,0,0,0,0,1.88E-15
832,0,0,0,0,1.95E-05
833,0,0,0,0,1.01E+01
834,0.05,0,0,0,171
835,0.05,0,0,0,171
836,0,4,0,0,1.18E+00
837,0,7,0,0,1.69E-10
838,0,25,0,0,3.28E-06
839,0,0,0,0,1826
840,0,0,0,0,1826
841,0,0,0,0,1826
842,0,0,0,0,1826
843,0,0,0,0,3.98E-07
844,0,17,0,0,4.27E-06
845,0.05,0,0,0,226
846,0,0,0,0,226
847,0,0,0,0,226
848,0,0,0,0,539
849,0,0,0,0,539
850,0,0,0,0,539
851,0,0,0,0,539
852,0,0,0,0,419
853,0,0,0,0,7548
854,0,0,0,0,7548
855,0,0,0,0,3.12E-02
856,0,0,0,0,2.23E-22
857,0,0,0,0,6.82E-43
858,0,0,0,0,4.83E-03
859,0.15,0,0,0,435
860,0,0,0,0,435
861,0,0,0,0,475
862,0.05,0,0,0,475
863,0.05,0,0,0,4.18E-01
864,0.05,0,0,0,6.06E-12
865,0.05,0,0,0,4.17E-10
866,0,0,0,0,7.27E-77
867,0.05,0,0,0,1.78E-55
868,0.35,2,0,0,1.77E-34
869,0.35,0,0,0,5.83E-15
870,0.15,0,0,0,159
871,0,0,0,0,170
872,0,0,0,0,545
873,0.05,4,0,0,545
874,0.05,5,0,0,1.83E-06
875,0,18,0,0,1.81E-06
876,0,36,0,0,1.37E-18
877,0,5,0,0,354
878,0,0,0,0,354
879,0,0,0,0,1826
880,0,0,0,0,1826
881,0.05,0,0,0,1826
882,0,0,0,0,4.44E+00
883,0,3,0,0,8.56E-22
884,0,6,0,0,3.70E-12
885,0,2,0,0,1.73E-12
886,0,11,0,0,2.28E-22
887,0,16,0,0,5.29E-06
888,0,0,0,0,1826
889,0,0,0,0,1826
890,0,0,0,0,1826
891,0,0,0,0,1826
892,0,4,0,0,5.82E-08
893,0.05,1,0,0,226
894,0,0,0,0,226
895,0,0,0,0,226
896,0,0,1,0,226
897,0,0,0,0,226
898,0.05,0,0,0,539
899,0,0,0,0,539
900,0,0,0,0,539
901,0,0,0,0,505
902,0,0,0,0,505
903,0,0,0,0,419
904,0,0,0,0,685
905,0,0,0,0,933
906,0,0,0,0,933
907,0,0,0,0,933
908,0,0,0,0,442
909,0,0,0,0,442
910,0,0,0,0,7548
911,0,0,1,0,7548
912,0,0,0,0,7548
913,0,0,0,0,4.02E+02
914,0,0,0,0,368
915,0,0,0,0,2.21E-05
916,0,0,0,0,2.97E-21
917,0,0,0,0,6.86E-38
918,0,0,0,0,8.26E-16
919,0.15,0,0,0,384
920,0.15,0,0,0,384
921,0,0,0,0,264
922,0,0,0,0,264
923,0.05,0,0,0,264
924,0.05,0,0,0,2.03E-13
925,0,0,0,0,8.39E-22
926,0,3,0,0,6.86E-72
927,0.05,4,0,0,2.49E-50
928,0.35,2,0,0,5.46E-29
929,0.35,2,0,0,6.13E-09
930,0.15,0,0,0,159
931,0,1,0,0,545
932,0.05,13,0,0,6.78E+00
933,0,23,0,0,8.89E-13
934,0,6,0,0,3.93E-06
935,0.05,1,0,0,354
936,0,0,0,0,1826
937,0,0,0,0,1826
938,0.05,1,0,0,1.07E-02
939,0,8,0,0,4.90E-23
940,0,5,0,0,7.98E-11
941,0,2,0,0,4.82E-10
942,0,1,0,0,1.66E-06
943,0,17,0,0,1.44E-08
944,0,1,0,0,1.87E-06
945,0,1,0,0,1092
946,0.05,0,0,0,1092
947,0.05,0,0,0,1092
948,0.05,0,0,0,1092
949,0.05,0,0,0,6.04E+00
950,0.05,0,0,0,2.95E+00
951,0.05,0,0,0,429.0146881
952,0.05,0,0,0,1092
953,0.05,0,0,0,505
954,0.05,0,0,0,1092
955,0.05,0,0,0,685
956,0,0,0,0,685
957,0,0,0,0,685
958,0,0,0,0,685
959,0.05,0,0,0,3.60E-04
960,0.05,0,0,0,4.11E-03
961,0.05,0,0,0,9.84E-03
962,0.05,0,0,0,4.96E-04
963,0.05,0,0,0,1020
964,0.05,0,0,0,1020
965,0,0,0,0,368
966,0,0,0,0,368
967,0,0,0,0,368
968,0,0,0,0,7.48E+00
969,0,0,0,0,368
970,0,0,0,0,368
971,0,0,0,0,2.16E-07
972,0,0,0,0,3.51E-23
973,0,12,0,0,1.60E-71
974,0.05,9,0,0,8.28E-50
975,0.35,2,0,0,4.30E-28
976,0.35,2,0,0,2.23E-06
977,0.15,0,0,0,272
978,0,0,0,0,545
979,0,5,0,0,545
980,0.05,32,0,0,2.40E-05
981,0,49,0,0,6.07E-17
982,0,13,0,0,3.23E-14
983,0.05,5,0,0,354
984,0,0,0,0,354
985,0,0,0,0,354
986,0.15,0,0,0,1826
987,0,0,0,1,1826
988,0,0,0,0,1826
989,0.15,0,0,0,1826
990,0,0,0,0,1826
991,0.05,2,0,0,1826
992,0,6,0,0,3.50E-10
993,0,3,0,0,9.71E-10
994,0,0,0,0,1092
995,0.05,0,0,0,1092
996,0,0,0,0,1092
997,0,0,0,0,1092
998,0,0,0,0,1092
999,0,0,0,0,1092
1000,0.05,0,0,0,1.58E-04
1001,0.05,0,0,0,1092
1002,0,0,0,0,1092
1003,0.05,0,0,0,1092
1004,0,0,0,0,1092
1005,0,0,0,0,1092
1006,0,0,0,0,1.03E-07
1007,0,0,0,0,2.07E-07
1008,0,0,0,0,7.85E-10
1009,0,0,0,0,1.73E-21
1010,0,0,0,0,9.74E-17
1011,0,0,0,0,6.44E-12
1012,0,0,0,0,2.58E-01
1013,0.05,0,0,0,1020
1014,0,0,0,0,368
1015,0,0,0,0,368
1016,0,0,0,0,368
1017,0,0,0,0,368
1018,0,0,0,0,4.85E-19
1019,0,0,0,0,3.70E-10
1020,0.15,0,0,0,334
1021,0.05,0,0,0,334
1022,0.05,0,0,0,384
1023,0,0,0,0,1287
1024,0.05,0,0,0,1287
1025,0.15,0,0,0,5.39E-11
1026,0.15,0,0,0,8.76E-27
1027,0.05,0,0,0,1.57E-33
1028,0,0,0,0,3.74E-38
1029,0,14,0,0,6.32E-73
1030,0.05,9,0,0,8.71E-52
1031,0.35,2,0,0,4.57E-31
1032,0.35,2,0,0,1.45E-11
1033,0.15,2,0,0,272
1034,0,0,0,0,700
1035,0,0,0,0,181
1036,0.05,0,0,0,181
1037,0,25,0,0,5.37E-09
1038,0,55,0,0,6.82E-23
1039,0,5,0,0,7.08E-04
1040,0,0,0,0,354
1041,0,0,0,0,354
1042,0.15,0,0,0,354
1043,0,0,0,0,4.25E+01
1044,0,0,0,0,1.07E+00
1045,0.05,0,0,0,1.93E-01
1046,0,0,0,0,1826
1047,0.05,5,0,0,6.02E-01
1048,0,7,0,0,2.27E-09
1049,0,34,0,0,3.62E-27
1050,0,7,0,0,4.93E-11
1051,0,0,0,0,1092
1052,0.05,0,0,0,1092
1053,0,0,0,0,1092
1054,0,0,0,0,1092
1055,0,0,0,0,1092
1056,0.05,0,0,0,3.87E-07
1057,0.05,0,0,0,3.16E-02
1058,0.05,0,0,0,1092
1059,0.05,0,0,0,3.23E+00
1060,0,0,0,0,6.72E-04
1061,0,0,0,0,3.26E-03
1062,0,0,0,0,2.42E-13
1063,0,0,0,0,3.99E-29
1064,0,0,0,0,2.61E-14
1065,0,0,0,0,3.14E-03
1066,0.05,0,0,0,1020
1067,0.05,0,0,0,1020
1068,0.05,0,0,0,1020
1069,0,0,0,0,1020
1070,0,0,0,0,368
1071,0,0,0,0,3.28E-15
1072,0,0,0,0,3.04E-05
1073,0.15,0,0,0,334
1074,0.05,0,0,0,334
1075,0,0,0,0,334
1076,0.05,0,0,0,1287
1077,0.15,0,0,0,3.36E-09
1078,0.15,0,0,0,5.56E-26
1079,0.15,0,0,0,1.23E-41
1080,0.05,0,0,0,5.22E-55
1081,0,18,0,0,1.04E-65
1082,0.05,12,0,0,6.29E-46
1083,0.35,3,0,0,7.37E-29
1084,0.35,2,0,0,2.89E-14
1085,0.35,0,0,0,700
1086,0.05,0,0,0,700
1087,0,0,0,0,1237
1088,0.05,0,0,0,181
1089,0.05,4,0,0,1.20E-03
1090,0,25,0,0,6.63E-14
1091,0,7,0,0,6.24E-11
1092,0.05,3,0,0,354
1093,0.05,1,0,0,354
1094,0,0,0,0,2.21E-11
1095,0,3,0,0,3.93E-15
1096,0,7,0,0,3.21E-14
1097,0,32,0,0,3.86E-27
1098,0,7,0,0,1.78E-16
1099,0,0,0,0,1092
1100,0.05,0,0,0,1092
1101,0,0,0,0,1092
1102,0.05,0,0,0,1.07E-02
1103,0.05,0,0,0,1092
1104,0,0,0,0,1092
1105,0.05,0,0,0,1092
1106,0,0,0,0,1.50E-03
1107,0.05,0,0,0,2.38E-16
1108,0,0,0,0,9.12E-12
1109,0,0,0,0,1.63E-12
1110,0,0,0,0,1.67E-25
1111,0,0,0,0,2.23E-06
1112,0.05,0,0,0,1020
1113,0,0,0,0,1020
1114,0,0,0,0,1020
1115,0,0,0,0,1020
1116,0,0,0,0,3.91E-06
1117,0.15,0,0,0,334
1118,0.05,0,0,0,334
1119,0.05,0,0,0,341
1120,0.15,0,0,0,2.06E-10
1121,0.15,0,0,0,9.44E-32
1122,0.15,0,0,0,3.04E-53
1123,0.05,0,0,0,2.52E-72
1124,0,0,0,0,3.03E-06
1125,0.15,0,0,0,6.28E+01
1126,0.05,0,0,0,334
1127,0,0,0,0,341
1128,0.15,0,0,0,5.79E-09
1129,0.15,0,0,0,1.12E-30
1130,0.15,0,0,0,2.16E-52
1131,0.05,0,0,0,4.16E-74
1132,0,0,0,0,8.02E-96
1133,0,9,0,0,7.80E-40
1134,0.05,3,0,0,3.69E-18
1135,0.35,0,0,0,220.8078091
1136,0.15,0,0,0,700
1137,0,0,0,0,700
1138,0,1,0,0,1237
1139,0.05,1,0,0,8.75E-05
1140,0,5,0,0,5.57E-12
1141,0,25,0,0,4.80E-18
1142,0,4,0,0,3.26E-08
1143,0,4,0,0,2.78E-08
1144,0,49,0,0,2.41E-11
1145,0,10,0,0,2.00E-05
1146,0,0,0,0,3.86E-07
1147,0.05,0,0,0,1092
1148,0.05,0,0,0,1092
1149,0,0,0,0,3.99E-06
1150,0,0,0,0,1.73E-12
1151,0.05,0,0,0,1092
1152,0,0,0,0,1092
1153,0,0,0,0,1092
1154,0.05,0,0,0,1092
1155,0.05,0,0,0,7.02E-03
1156,0,0,0,0,1.35E-24
1157,0,0,0,0,2.62E-05
1158,0.05,0,0,1,1020
1159,0,0,0,0,1020
1160,0,0,0,0,6.27E-01
1161,0.15,0,0,0,680
1162,0.05,0,0,0,680
1163,0,0,0,0,334
1164,0.05,0,0,0,720
1165,0.15,0,0,0,5.85E-14
1166,0.15,0,0,0,8.92E-33
1167,0.15,0,0,0,1.12E-53
1168,0.05,0,0,0,4.99E-75
1169,0,0,0,0,1.54E-96
1170,0,16,0,0,1.45E-64
1171,0.05,13,0,0,2.67E-44
1172,0.35,4,0,0,3.10E-26
1173,0.35,0,0,0,2.87E-11
1174,0.35,0,0,0,700
1175,0.15,0,0,0,700
1176,0.05,0,0,0,700
1177,0,0,0,0,700
1178,0,0,0,0,1237
1179,0,1,0,0,1237
1180,0.05,2,0,0,7.77E+00
1181,0,4,0,0,2.98E-12
1182,0,8,0,0,1.81E-16
1183,0,3,0,0,1.03E+00
1184,0,0,0,0,1826
1185,0,12,0,0,1.64E-61
1186,0.05,7,0,0,8.50E-40
1187,0.35,3,0,0,4.40E-18
1188,0.35,0,0,0,700
1189,0.05,0,0,0,700
1190,0,1,0,0,1237
1191,0.05,2,0,0,1237
1192,0.05,2,0,0,1237
1193,0,2,0,0,4.76E-19
1194,0,0,0,0,6.01E-02
1195,0,7,0,0,1.19E-02
1196,0,49,0,0,2.78E+00
1197,0.05,2,0,0,1092
1198,0.05,0,0,0,1092
1199,0,0,0,0,1092
1200,0.05,3,0,0,1.77E-01
1201,0,8,0,0,1.57E-19
1202,0,8,0,0,1.14E-13
1203,0,5,0,0,1092
1204,0,0,0,0,1092
1205,0,0,0,0,1092
1206,0,0,0,0,1092
1207,0.05,0,0,0,3.84E-03
1208,0,0,0,0,1.09E-24
1209,0,0,0,0,9.59E-07
1210,0.05,0,0,0,394
1211,0.05,0,0,0,394
1212,0,0,0,0,1826
1213,0,6,0,0,1826
1214,0,47,0,0,4.72E-13
1215,0,25,0,0,1092
1216,0.05,0,0,0,1092
1217,0.05,5,0,0,1092
1218,0,13,0,0,7.68E-09
1219,0,15,0,0,2.45E-03
1220,0.05,4,0,0,1092
1221,0.05,1,0,0,1092
1222,0.05,0,0,0,3.04E-02
1223,0,0,0,0,2.24E-18
1224,0,0,0,0,9.20E-23
1225,0.05,0,0,0,4.77E-01
1226,0.05,0,0,0,394
1227,0,10,0,0,120
1228,0,5,0,0,120
1229,0,13,0,0,8.64E-10
1230,0,4,0,0,7.55E-03
1231,0,0,0,0,1.67E-29
1232,0.05,0,0,0,8.64E-08
1233,0.35,0,0,0,709
1234,0.35,0,0,0,1.05E-01
1235,0.05,0,0,0,709
1236,0,0,0,0,709
1237,0,0,0,0,709
1238,0.05,0,0,0,709
1239,0.15,5,0,0,8.41E-07
1240,0.05,9,0,0,1.38E-22
1241,0,1,0,0,1826
1242,0,10,0,0,1.13E+01
1243,0,28,0,0,9.46E-11
1244,0.05,41,0,0,1092
1245,0,0,0,0,1092
1246,0.05,1,0,0,1092
1247,0.05,3,0,0,1092
1248,0,16,0,0,4.42E-11
1249,0,18,0,0,9.73E-09
1250,0.05,4,0,0,1092
1251,0,1,0,0,1092
1252,0,0,0,0,1092
1253,0.05,0,0,0,1092
1254,0,0,0,0,2.30E-12
1255,0,0,0,0,4.92E-31
1256,0,0,0,0,8.77E-23
1257,0,0,0,0,3.21E-01
1258,0.05,0,0,0,394
1259,0,0,0,0,7.00E-13
1260,0.15,0,0,0,680
1261,0.05,0,0,0,680
1262,0,0,0,0,402
1263,0.05,0,0,0,1.24E-02
1264,0.15,0,0,0,4.12E-21
1265,0.15,0,0,0,1.92E-40
1266,0.15,0,0,0,6.69E-61
1267,0.05,0,0,0,3.35E-81
1268,0,1,0,0,1.96E-101
1269,0.05,18,0,0,6.73E-57
1270,0.35,3,0,0,9.63E-42
1271,0.35,0,0,0,6.58E-26
1272,0.35,0,0,0,8.10E-18
1273,0.05,0,0,0,1.94E-12
1274,0.15,0,0,0,2.12E-09
1275,0.15,0,0,0,8.35E-02
1276,0.15,0,0,0,700
1277,0,1,0,0,1237
1278,0,2,0,0,1237
1279,0.05,2,0,0,1.66E+01
1280,0,3,0,0,1.91E-12
1281,0,7,0,0,3.45E-01
1282,0,0,0,0,1826
1283,0,0,0,0,5.66E-09
1284,0,4,0,0,5.51E-08
1285,0,4,0,0,4.29E-08
1286,0,8,0,0,8.16E-10
1287,0,12,0,0,2.30E-95
1288,0,24,0,0,3.63E-83
1289,0,72,0,0,4.95E-75
1290,0,7,0,0,8.43E-09
1291,0,7,0,0,2.53E-39
1292,0,3,0,0,13791
1293,0,0,0,0,2890
1294,0,52,0,0,5.84E-18
1295,0,27,0,0,1.33E-17
1296,0,4,0,0,1.35E-24
1297,0,0,0,0,2.06E-28
1298,0,0,0,0,3.29E-15
1299,0.05,0,0,0,7.09E-02
1300,0.05,0,0,0,394
1301,0,0,0,0,394
1302,0,1,0,0,1826
1303,0,38,0,0,6.85E-13
1304,0,12,0,0,2.89E-19
1305,0,6,0,0,6.76E-11
1306,0,14,0,0,5.30E-11
1307,0,27,0,0,5.13E-18
1308,0,12,0,0,2.32E-16
1309,0,4,0,0,3.58E-18
1310,0,0,0,0,8.16E-31
1311,0,0,0,0,1.07E-12
1312,0.05,0,0,0,274.4438834
1313,0.05,0,0,0,394
1314,0,0,0,0,394
1315,0,0,0,0,3.79E-03
1316,0.15,0,0,0,680
1317,0,0,0,0,680
1318,0,0,0,0,402
1319,0.05,0,0,0,4.92E-06
1320,0.15,0,0,0,9.48E-28
1321,0.15,0,0,0,1.83E-49
1322,0.05,0,0,0,1.21E-69
1323,0,4,0,0,5.62E-89
1324,0,14,0,0,3.04E-72
1325,0.05,3,0,0,1.59E-56
1326,0.05,0,0,0,7.14E-45
1327,0.05,0,0,0,4.70E-38
1328,0,0,0,0,3.75E-34
1329,0.05,0,0,0,3.34E-30
1330,0.05,0,0,0,1.64E-21
1331,0.05,3,0,0,2.63E-11
1332,0.05,4,0,0,3.19E-05
1333,0,5,0,0,1.86E-05
1334,0,4,0,0,2.00E-12
1335,0,0,0,0,1826
1336,0,0,0,0,1826
1337,0,1,0,0,1826
1338,0,0,0,0,7.39E-02
1339,0.05,0,0,0,680
1340,0,0,0,0,680
1341,0,0,0,0,1185
1342,0.05,0,0,0,596
1343,0.15,0,0,0,2.66E-14
1344,0.15,0,0,0,1.20E-32
1345,0,0,0,0,5.48E-53
1346,0,0,0,0,1.15E-06
1347,0.15,0,0,0,680
1348,0,0,0,0,680
1349,0,0,0,0,680
1350,0.05,0,0,0,680
1351,0.15,0,0,0,8.77E+00
1352,0,0,0,0,1185
1353,0,0,0,0,596
1354,0.15,0,0,0,2.05E-07
1355,0.15,1,0,0,6.52E-25
1356,0.05,1,0,0,1.43E-44
1357,0,4,0,0,1.78E-62
1358,0,26,0,0,483
1359,0.05,8,0,0,483
1360,0,3,0,0,5.33E-16
1361,0,0,0,0,1.74E-31
1362,0.05,0,0,0,1.70E-18
1363,0.15,0,0,0,2.73E-04
1364,0.05,0,0,0,394
1365,0,0,0,0,394
1366,0,0,0,0,3.91E-19
1367,0,0,0,0,4.87E-02
1368,0.05,0,0,0,680
1369,0.05,0,0,0,680
1370,0.15,0,0,0,1.68E-01
1371,0.15,0,0,0,1.64E+01
1372,0.35,0,0,0,2.54E-02
1373,0.35,0,0,0,930.7923933
1374,0,0,0,0,1185
1375,0,0,0,0,1442
1376,0.05,0,0,0,621
1377,0.15,0,0,0,7.04E-15
1378,0.05,1,0,0,1.36E-36
1379,0,1,0,0,3.31E-55
1380,0,5,0,0,483
1381,0.05,0,0,0,483
1382,0.05,0,0,0,5.70E-09
1383,0,5,0,0,1.09E-08
1384,0,18,0,0,2.44E-06
1385,0,24,0,0,7.09E-07
1386,0,0,0,0,1.39E-26
1387,0.15,0,0,0,1.18E-25
1388,0.15,0,0,0,8.24E-15
1389,0.05,0,0,0,394
1390,0,0,0,0,394
1391,0,1,0,0,6.95E-17
1392,0.05,0,0,0,1.59E-12
1393,0.05,0,0,0,483
1394,0,0,0,0,483
1395,0,0,0,0,483
1396,0,4,0,0,483
1397,0,19,0,0,3.77E+00
1398,0,26,0,0,1.98E-06
1399,0,34,0,0,4.52E-20
1400,0,0,0,0,1.63E-13
1401,0,0,0,0,2.21E-07
1402,0,0,0,0,7.20E-05
1403,0.05,0,0,0,2.14E-05
1404,0.15,0,0,0,5.02E-01
1405,0.05,0,0,0,2561
1406,0,0,1,0,2561
1407,0,0,0,0,823
1408,0.15,0,0,0,4.81E-05
1409,0.15,0,0,0,2.81E-18
1410,0,3,0,0,3.37E-38
1411,0.05,0,0,0,2.94E-27
1412,0.35,0,0,0,8.36E-08
1413,0.35,0,0,0,3.65E-05
1414,0.35,0,0,0,2.68E-09
1415,0.35,0,0,0,1.02E-26
1416,0.15,0,0,0,1.15E-24
1417,0.05,0,0,0,5.02E-07
1418,0,0,0,0,901
1419,0.05,0,0,0,907
1420,0.15,5,0,0,3.09E-16
1421,0.05,6,0,0,1.06E-34
1422,0,0,0,0,4.81E-14
1423,0,0,0,0,483
1424,0,0,0,0,483
1425,0,0,0,0,483
1426,0,2,0,1,483
1427,0,2,0,0,60
1428,0,14,0,0,60
1429,0,27,0,0,1.17E-06
1430,0,35,0,0,1.14E-17
1431,0,1,0,0,4.03E-12
1432,0,0,0,0,2.90E-10
1433,0,0,0,0,1.41E-09
1434,0,0,0,0,6.53E-09
1435,0,0,0,0,4.95E+01
1436,0,0,0,0,2561
1437,0.05,0,0,0,2561
1438,0.05,0,0,0,2561
1439,0.05,0,0,0,2561
1440,0,0,0,0,2561
1441,0,0,0,0,2561
1442,0.05,0,0,0,1.19E-27
1443,0.15,0,0,0,7.04E-27
1444,0.35,0,0,0,7.00E-29
1445,0.35,0,0,0,5.27E-40
1446,0.35,0,0,0,5.79E-36
1447,0.05,0,0,0,7.35E-16
1448,0,0,0,0,901
1449,0,0,0,0,901
1450,0,0,0,0,907
1451,0.05,1,0,0,1.14E-01
1452,0.15,7,0,0,1.57E-20
1453,0.05,8,0,0,1.59E-40
1454,0,0,0,0,120
1455,0,0,0,0,120
1456,0,0,0,0,483
1457,0.05,0,0,0,483
1458,0.05,0,0,0,483
1459,0,0,0,0,483
1460,0,0,0,0,60
1461,0,1,0,0,60
1462,0,8,0,0,60
1463,0,18,0,0,1.94E-01
1464,0,34,0,0,1.16E-17
1465,0,17,0,0,3.96E-12
1466,0,5,0,0,4.90E-01
1467,0.05,0,0,0,1266
1468,0.05,0,0,0,2561
1469,0.05,0,0,0,2561
1470,0.05,0,0,0,2561
1471,0.05,0,0,0,2561
1472,0,0,0,0,2561
1473,0.05,0,0,0,1.36E-48
1474,0.15,0,0,0,3.55E-50
1475,0.35,0,0,0,1.90E-57
1476,0.35,0,0,0,3.40E-42
1477,0.05,0,0,0,1.74E-22
1478,0,0,0,0,1.16E-01
1479,0,0,0,0,771
1480,0,0,1,0,771
1481,0,0,0,0,11254
1482,0,0,0,0,11254
1483,0.05,1,0,0,907
1484,0.05,0,0,0,907
1485,0.15,2,0,0,3.66E-15
1486,0.05,9,0,0,9.12E-32
1487,0.05,5,0,0,120
1488,0,0,0,0,120
1489,0,0,0,0,120
1490,0,0,0,0,120
1491,0,0,0,0,120
1492,0,0,0,0,3.79E+00
1493,0.05,0,0,0,483
1494,0,0,0,0,60
1495,0,1,0,0,60
1496,0,6,0,0,8.69E-10
1497,0,6,0,0,6.65E-10
1498,0,8,0,0,6.99E-04
1499,0.05,7,0,0,1266
1500,0.05,3,0,0,1266
1501,0,0,0,0,1266
1502,0.05,0,0,0,1.75E-53
1503,0.15,0,0,0,3.65E-42
1504,0.35,0,0,0,1.75E-39
1505,0.35,0,0,0,1.32E-31
1506,0.05,0,0,0,4.00E-12
1507,0,0,0,0,709
1508,0,0,0,0,771
1509,0.05,0,0,0,771
1510,0.05,0,0,0,8.76E-14
1511,0.15,1,0,0,7.62E-16
1512,0.15,1,0,0,4.87E-10
1513,0.15,2,0,0,1.95E-11
1514,0.05,3,0,0,6.27E-27
1515,0,17,0,0,1.14E-06
1516,0.05,15,0,0,1.15E-06
1517,0.05,3,0,0,120
1518,0.05,1,0,0,120
1519,0,0,0,0,120
1520,0,0,0,0,120
1521,0,0,0,0,120
1522,0.05,0,0,0,1.38E-06
1523,0.05,0,0,0,483
1524,0,0,0,0,483
1525,0,0,0,0,60
1526,0,0,0,0,2.83E-09
1527,0.05,1,0,0,1266
1528,0.05,0,0,0,1266
1529,0,0,0,0,1266
1530,0.05,0,0,0,3.10E-39
1531,0.05,0,0,0,6.76E-23
1532,0.35,0,0,0,9.08E-18
1533,0.15,0,0,0,8.15E-19
1534,0.05,0,0,0,2.65E-01
1535,0,0,0,0,709
1536,0,0,0,0,709
1537,0,0,0,0,771
1538,0.05,0,0,0,8.33E-07
1539,0.15,0,0,0,3.77E-25
1540,0.15,1,0,0,3.34E-35
1541,0.05,1,0,0,9.39E-32
1542,0.05,2,0,0,2.78E-32
1543,0,39,0,0,3.50E-19
1544,0,15,0,0,2.86E-04
1545,0.05,0,0,0,120
1546,0,0,0,0,120
1547,0,0,0,0,120
1548,0.05,0,0,0,120
1549,0.05,0,0,0,483
1550,0,0,0,0,483
1551,0,0,0,0,60
1552,0.05,0,0,0,1.44E-10
1553,0.15,0,0,0,1266
1554,0,0,0,1,1266
1555,0,1,0,0,120
1556,0,0,0,0,120
1557,0.05,0,0,0,120
1558,0.05,0,0,0,483
1559,0,0,0,0,483
1560,0,0,0,0,60
1561,0.05,0,0,0,1.03E+00
1562,0.15,0,0,0,858
1563,0.15,0,0,0,1266
1564,0.05,0,0,0,6.75E-30
1565,0.05,0,0,0,5.60E-09
1566,0.35,0,0,0,709
1567,0.15,0,0,0,7.10E-03
1568,0.05,0,0,0,709
1569,0,0,0,0,709
1570,0,0,0,0,771
1571,0.05,0,0,0,771
1572,0.15,4,0,0,6.37E-17
1573,0.05,6,0,0,8.53E-36
1574,0.05,6,0,0,6.40E-55
1575,0,6,0,0,8.76E-06
1576,0,8,0,0,4.62E-06
1577,0,7,0,0,2.28E-09
1578,0.05,2,0,0,483
1579,0,0,0,0,60
1580,0.05,0,0,0,60
1581,0.05,0,0,0,858
1582,0,0,0,0,1266
1583,0,0,0,0,1.19E-33
1584,0,0,0,0,4.86E-15
1585,0,0,0,0,2.91E-09
1586,0.35,0,0,0,709
1587,0.05,0,0,0,709
1588,0,0,0,0,709
1589,0.05,3,0,0,8.67E+00
1590,0.15,15,0,0,3.97E-16
1591,0.05,20,0,0,2.68E-26
1592,0,19,0,0,1.51E-58
1593,0,29,0,0,1.65E-58
1594,0,21,0,0,3.44E-85
1595,0,34,0,0,1.72E-80
1596,0,0,0,0,4.15E-49
1597,0,0,0,0,1.26E-29
1598,0,0,0,0,3.67E-16
1599,0,61,0,0,2.73E-16
1600,0,31,0,0,1.42E+00
1601,0.05,10,0,0,483
1602,0.05,0,0,0,60
1603,0.15,0,0,0,2.14E+00
1604,0.15,0,0,0,8.18E+01
1605,0,0,0,0,1266
1606,0.05,0,0,0,1.69E+01
1607,0.05,0,0,0,709
1608,0.05,1,0,0,709
1609,0.15,12,0,0,1.15E-10
1610,0.05,24,0,0,3.16E-29
1611,0,5,0,0,7.99E-262
1612,0,3,0,0,2.09E-267
1613,0,12,0,0,1.38E-274
1614,0,1,0,0,9.45E-18
1615,0,18,0,0,2.79E-21
1616,0,2,0,0,2.27E-179
1617,0,1,0,0,2.85E-183
1618,0,7,0,0,3.26E-188
1619,0,16,0,0,1.25E-193
1620,0.05,9,0,0,1826
1621,0,6,0,1,1826
1622,0.05,40,0,0,2.93E-01
1623,0,159,0,0,2.25E-48
1624,0,150,0,0,3.99E-34
1625,0,123,0,0,1.40E-19
1626,0,129,0,0,9.70E-18
1627,0.05,11,0,0,2.18E+02
1628,0.15,3,0,0,1826
1629,0.05,0,0,0,1826
1630,0.05,0,0,0,1826
1631,0.15,0,0,0,4.11E-03
1632,0.15,0,0,0,2.05E-03
1633,0,0,0,0,2563
1634,0,45,0,0,2.61E-46
1635,0.35,23,0,0,4.80E-26
1636,0.05,4,0,0,3.60E-05
1637,0,3,0,0,698
1638,0,8,0,0,7.49E-37
1639,0,11,0,0,8.56E-37
1640,0,32,0,0,2.14E-41
1641,0,25,0,0,1.11E-68
1642,0,38,0,0,1.99E-59
1643,0,35,0,0,8.69E-19
1644,0,11,0,0,1.05E-09
1645,0,0,0,0,1.84E-09
1646,0.15,0,0,0,1.99E-14
1647,0.15,0,0,0,1.39E+00
1648,0,0,0,0,309
1649,0,0,0,0,7.67E-81
1650,0,0,0,0,2.24E-60
1651,0,0,0,0,4.10E-41
1652,0,0,0,0,1.13E-67
1653,0,0,0,0,5.84E-46
1654,0,34,0,0,1.36E-09
1655,0,11,0,0,1029
1656,0.05,1,0,0,1029
1657,0.05,0,0,0,1029
1658,0.15,0,0,0,1029
1659,0,0,0,0,1029
1660,0,77,0,0,2890
1661,0,77,0,0,2890
1662,0,66,0,0,2563
1663,0,0,0,0,2563
1664,0,1,0,0,1.84E-56
1665,0,1,0,0,3.05E-35
1666,0.05,0,0,0,4.40E-14
1667,0.15,0,0,0,13791
1668,0.05,0,0,0,13791
1669,0,85,0,0,1.30E-103
1670,0,29,0,0,1.10E-82
1671,0,2,0,0,4.42E-62
1672,0,2,0,0,2.05E-41
1673,0,1,0,0,1.20E-21
1674,0.05,0,0,0,3.30E-02
1675,0.15,0,0,0,13791
1676,0.15,54,0,0,4.45E-08
1677,0.05,91,0,0,5.96E-25
1678,0,1,0,0,1.93E-01
1679,0,0,0,0,13791
1680,0,0,0,0,13791
1681,0,0,0,0,3.03E-24
1682,0,0,0,0,1.57E-02
1683,0.05,0,0,0,709
1684,0,1,0,0,709
1685,0,0,0,0,709
1686,0,0,0,0,709
1687,0.15,18,0,0,2.80E+00
1688,0.05,29,0,0,2.53E-20
1689,0,5,0,0,1.86E-230
1690,0,0,0,0,1.58E-235
1691,0,5,0,0,1.11E-240
1692,0,21,0,0,9.72E-247
1693,0,45,0,0,1.70E-254
1694,0.05,24,0,0,1.77E+00
1695,0,4,0,0,3.29E-15
1696,0,1,0,0,4.44E-15
1697,0,19,0,0,8.50E-24
1698,0,31,0,0,4.12E-51
1699,0,41,0,0,4.76E-39
1700,0,0,0,0,2.94E-77
1701,0,0,0,0,1.47E-55
1702,0,0,0,0,6.97E-34
1703,0,0,0,0,2.62E-12
1704,0,0,0,0,8125.014251
1705,0.05,0,0,0,11254
1706,0,0,0,0,6.70E-07
1707,0,0,0,0,1.17E-11
1708,0,0,0,0,4.32E-24
1709,0,0,0,0,8.62E-68
1710,0,0,0,0,3.96E-46
1711,0,0,0,0,1.50E-24
1712,0,0,0,0,5.11E-04
1713,0.05,1,0,0,709
1714,0.05,2,0,0,709
1715,0.05,2,0,0,709
1716,0.05,14,0,0,709
1717,0.05,19,0,0,7.38E-08
1718,0.05,27,0,0,7.85E-29
1719,0,0,0,0,7.92E-201
1720,0,0,0,0,1.53E-204
1721,0,2,0,0,2.27E-209
1722,0,11,0,0,1.46E-214
1723,0,26,0,0,1.19E-219
1724,0.05,16,0,0,1826
1725,0,2,0,0,1826
1726,0,4,0,0,1826
1727,0.15,4,0,0,1826
1728,0,1,0,0,1826
1729,0,16,0,0,5.56E-16
1730,0,54,0,0,1.48E-12
1731,0,19,0,0,9.79E-06
1732,0,4,0,0,1029
1733,0.05,1,0,0,1029
1734,0,0,0,0,1029
1735,0,0,0,0,1029
1736,0,0,0,0,1029
1737,0,0,0,0,2.32E-52
1738,0,0,0,0,1.07E-30
1739,0,0,0,0,4.93E-09
1740,0.05,0,0,0,11254
1741,0,0,0,0,11254
1742,0.05,0,0,0,11254
1743,0.05,0,0,0,5.89E+02
1744,0,0,0,0,1.14E-19
1745,0,0,0,0,2.03E-52
1746,0,0,0,0,2.05E-34
1747,0,0,0,0,6.43E-20
1748,0,0,0,0,1.43E-15
1749,0,2,0,0,4.91E-15
1750,0,2,0,0,5.68E-15
1751,0,17,0,0,3.08E+00
1752,0.05,1,0,0,6.38E+01
1753,0.05,6,0,0,1.17E-02
1754,0,86,0,0,1.74E-35
1755,0,91,0,0,1.44E-31
1756,0,45,0,0,5.26E-15
1757,0,73,0,0,3.37E-24
1758,0.15,5,0,0,1826
1759,0.05,0,0,0,1826
1760,0.15,0,0,0,1826
1761,0,11,0,0,7.01E-01
1762,0,15,0,0,1.91E-18
1763,0,16,0,0,630
1764,0.05,19,0,0,630
1765,0,38,0,0,630
1766,0,71,0,0,3.59E-10
1767,0,63,0,0,9.44E-13
1768,0,44,0,0,1.67E-11
1769,0,20,0,0,1029
1770,0.05,3,0,0,1029
1771,0.05,1,0,0,1029
1772,0,0,0,0,1029
1773,0,0,0,0,2.78E-30
1774,0,0,0,0,1.44E-08
1775,0.05,0,0,0,11254
1776,0.05,0,0,0,11254
1777,0.05,0,0,0,6646.388477
1778,0,0,0,0,1.93E+00
1779,0,0,0,0,1.19E-20
1780,0,37,0,0,4.30E-162
1781,0,49,0,0,4.69E-167
1782,0,79,0,0,3.02E-26
1783,0,10,0,0,1.57E-04
1784,0.05,12,0,0,1826
1785,0.05,13,0,0,1531.538494
1786,0.05,12,0,0,1826
1787,0.05,0,0,0,1826
1788,0.05,0,0,0,1826
1789,0,0,0,0,1826
1790,0.15,3,0,0,405.0044526
1791,0.05,4,0,0,505.2363386
1792,0.05,6,0,0,2563
1793,0.05,3,0,0,2563
1794,0.05,2,0,0,630
1795,0,0,0,0,630
1796,0,0,0,1,630
1797,0.05,1,0,1,630
1798,0.05,1,0,0,573
1799,0.05,3,0,0,573
1800,0.05,4,0,0,573
1801,0.05,3,0,0,573
1802,0.05,1,0,1,1029
1803,0.05,0,0,0,1029
1804,0,0,0,0,1029
1805,0.05,6,0,0,1826
1806,0,2,0,0,1826
1807,0.05,39,0,0,4.12E-01
1808,0,125,0,0,1.53E-44
1809,0,94,0,0,1.90E-26
1810,0,26,0,0,2.84E-05
1811,0.05,10,0,0,1826
1812,0.05,4,0,1,1.30E-02
1813,0.05,3,0,0,3.96E-20
1814,0.05,3,0,0,1.40E-07
1815,0.15,1,0,0,384.5054877
1816,0.05,0,0,0,1826
1817,0.15,0,0,1,1826
1818,0.05,0,0,0,1826
1819,0,0,0,0,2563
1820,0,0,0,0,2563
1821,0,0,0,0,2563
1822,0,8,0,0,2.56E-02
1823,0,4,0,0,1826
1824,0.05,23,0,0,1.41E-02
1825,0,73,0,0,2.24E-15
1826,0.05,15,0,0,1.00E+01
1827,0.15,3,0,0,1826
1828,0,0,0,0,1826
1829,0.15,0,0,1,1826
1830,0.15,0,0,0,9.90E-06
1831,0.05,0,0,0,4.17E-08
1832,0.05,0,0,0,2563
1833,0,0,0,0,2563
1834,0,4,0,0,1.25E-03
1835,0,25,0,0,4.95E-07
1836,0.05,72,0,0,7.65E-12
1837,0.15,14,0,0,1826
1838,0.05,3,0,1,1826
1839,0.15,0,0,0,8.63E-09
1840,0.05,0,0,0,3.24E-10
1841,0.05,0,0,0,3.85E-09
1842,0,0,0,0,3.61E-15
1843,0.05,0,0,0,1.53E-09
1844,0,0,0,0,2563
1845,0,0,0,0,2563
1846,0,7,0,0,2.45E-32
1847,0,3,0,0,1.10E-23
1848,0,1,0,0,3.13E-22
1849,0,3,0,0,6.76E-23
1850,0,22,0,0,3.25E-13
1851,0.05,94,0,0,8.48E+01
1852,0.05,73,0,0,635
1853,0.05,56,0,0,635
1854,0.05,30,0,0,3.50E-01
1855,0.15,16,0,0,1826
1856,0.05,1,0,0,1826
1857,0.05,0,0,0,9.15E-05
1858,0,0,0,0,806.237792
1859,0,0,0,1,2563
1860,0.05,0,0,0,1.15E+00
1861,0,0,0,0,8.91E-04
1862,0,0,0,0,9.87E-05
1863,0,0,0,0,2563
1864,0,0,0,0,2563
1865,0.15,11,0,0,3.42E-25
1866,0.15,4,0,0,5.09E-10
1867,0.15,0,0,0,5.83E+00
1868,0.15,1,0,0,7.21E+00
1869,0.15,2,0,0,1.12E-02
1870,0.15,2,0,0,2.32E-02
1871,0.15,14,0,0,2.01E-04
1872,0.15,26,0,0,3.50E-09
1873,0.15,36,0,0,9.29E-15
1874,0.15,38,0,0,2.79E-21
1875,0,35,0,0,1.81E-29
1876,0,34,0,0,2.82E-36
1877,0,34,0,0,9.89E-38
1878,0,35,0,0,2.26E-41
1879,0,36,0,0,1.14E-49
1880,0,43,0,0,1826
1881,0.05,1,0,0,1826
1882,0,0,0,0,1826
1883,0,1,0,1,1826
1884,0.05,2,0,0,1826
1885,0,2,0,0,4.74E-01
1886,0.05,1,0,0,2890
1887,0,0,0,0,2890
1888,0,0,0,0,2890
1889,0.05,0,0,0,671.0142978
1890,0,0,0,0,2890
1891,0,2,0,0,2890
1892,0,3,0,0,2890
1893,0.05,3,0,1,635
1894,0,1,0,0,635
1895,0,11,0,0,635
1896,0,88,0,0,3.77E-01
1897,0,89,0,0,8.09E-07
1898,0,78,0,0,2563
1899,0,0,0,1,2563
1900,0,0,0,0,2563
1901,0,0,0,0,2563
1902,0,0,0,1,2563
1903,0,0,0,0,2563
1904,0,0,0,0,2563
1905,0,0,1,0,2563
1906,0,1,0,0,6.49E-28
1907,0,0,0,0,1.37E-21
1908,0,1,0,0,1.39E-21
1909,0,10,0,0,2.91E-24
1910,0,15,0,0,4.48E-24
1911,0,32,0,0,7.60E-26
1912,0,48,0,0,2.63E-30
1913,0,67,0,0,1.51E-35
1914,0,49,0,0,9.68E-41
1915,0,18,0,0,1.69E+00
1916,0.05,12,0,0,5.19E+00
1917,0,7,0,0,2.34E-01
1918,0,7,0,0,1.11E-16
1919,0,3,0,0,9.37E-15
1920,0,1,0,0,4.70E-03
1921,0.05,1,0,0,1.63E+00
1922,0.05,1,0,0,5.51E-02
1923,0,3,0,0,2890
1924,0.05,23,0,0,2890
1925,0.05,56,0,0,4.39E+01
1926,0,76,0,0,1.19E-05
1927,0,59,0,0,1.99E-01
1928,0.05,25,0,1,635
1929,0,3,0,1,635
1930,0,0,0,1,635
1931,0,88,0,0,635
1932,0.05,89,0,1,5.62E+00
1933,0.05,78,0,0,6.64E-10
1934,0,1,0,0,2563
1935,0,0,0,0,2563
1936,0,0,0,0,2563
1937,0,0,0,0,2563
1938,0,0,0,1,2563
1939,0,0,0,0,2563
1940,0,0,0,0,2563
1941,0,0,0,0,2563
1942,0,0,0,0,2563
1943,0,0,0,0,2563
1944,0,20,0,0,1.11E-34
1945,0.05,17,0,0,4.47E-14
1946,0,4,0,0,698
1947,0,0,0,0,698
1948,0,0,0,0,930
1949,0,1,0,0,930
1950,0,0,0,0,930
1951,0,5,0,0,930
1952,0,6,0,0,930
1953,0.05,7,0,0,930
1954,0.05,4,0,0,6.98E-02
1955,0.15,9,0,0,3.57E-09
1956,0.15,8,0,0,3.30E-15
1957,0.05,9,0,0,1.42E-16
1958,0.05,11,0,0,2.82E-20
1959,0.05,17,0,0,8.42E-34
1960,0,32,0,0,7.78E-53
1961,0,26,0,0,6.04E+01
1962,0.05,0,0,0,1826
1963,0.05,0,0,1,1826
1964,0,0,0,0,1826
1965,0,0,0,1,1826
1966,0.05,1,0,0,1387.471162
1967,0.05,0,1,0,13791
1968,0,0,0,0,2890
1969,0,0,0,0,2890
1970,0,0,0,0,2890
1971,0,0,0,0,2890
1972,0,0,0,0,2890
1973,0,0,0,0,7.46E+01
1974,0,0,0,0,635
1975,0,0,0,0,635
1976,0,0,0,0,2890
1977,0,0,0,0,2890
1978,0,22,0,0,5.12E-27
1979,0.05,16,0,0,2.24E-07
1980,0,3,0,0,698
1981,0,0,0,0,698
1982,0,1,0,0,930
1983,0.05,1,0,0,1079
1984,0.05,3,0,0,1079
1985,0.05,4,0,0,1079
1986,0.15,5,0,0,1079
1987,0.15,5,0,0,8.88E-05
1988,0.15,10,0,0,2.27E-24
1989,0.05,17,0,0,7.53E-42
1990,0,41,0,0,6.24E-62
1991,0,15,0,0,9.77E-18
1992,0,0,0,0,6.70E-12
1993,0,1,0,0,1826
1994,0.05,0,0,0,1826
1995,0,0,0,0,1826
1996,0.05,0,0,0,660.5468557
1997,0.05,0,0,0,2373.907586
1998,0,0,0,0,13791
1999,0,0,0,0,2890
2000,0,0,0,0,2890
2001,0,0,0,0,2890
2002,0,0,0,0,2890
2003,0,0,0,0,2890
2004,0,0,0,0,2890
2005,0,0,0,0,2890
2006,0,0,0,0,2890
2007,0,6,0,0,4.94E-26
2008,0,6,0,0,3.05E-15
2009,0,4,0,0,7.67E+02
2010,0.05,0,0,0,13791
2011,0,0,0,0,13791
2012,0,0,0,1,13791
2013,0,0,0,0,13791
2014,0,0,0,0,2890
2015,0,0,0,0,2890
2016,0,0,0,0,2890
2017,0,0,0,0,2890
2018,0,25,0,0,1.37E-39
2019,0.15,13,0,0,5.96E-19
2020,0.15,13,0,0,1.39E-36
2021,0.35,4,0,0,2.44E-15
2022,0,0,0,0,698
2023,0,0,0,0,698
2024,0,6,0,0,1079
2025,0.05,13,0,0,1079
2026,0.15,13,0,0,2.90E-15
2027,0.05,10,0,0,5.63E-37
2028,0,75,0,0,1.09E-58
2029,0,31,0,0,1.01E-59
2030,0,3,0,0,7.52E-39
2031,0.05,6,0,0,5.32E-19
2032,0.05,6,0,0,1.43E-04
2033,0.15,4,0,0,13791
2034,0,0,0,0,13791
2035,0,0,0,0,2890
2036,0,0,0,0,2890
2037,0,36,0,0,8.76E-53
2038,0.15,16,0,0,1.83E-31
2039,0.35,4,0,0,4.58E-10
2040,0,3,0,0,698
2041,0,0,0,0,698
2042,0.05,9,0,0,1313
2043,0.05,15,0,0,1.33E-08
2044,0.35,19,0,0,1.07E-21
2045,0.15,46,0,0,2.71E-40
2046,0,125,0,0,6.55E-61
2047,0,17,0,0,6.51E-56
2048,0.05,0,0,0,2.74E-34
2049,0.05,5,0,0,1.16E-12
2050,0.15,5,0,0,13791
2051,0,0,0,0,1313
2052,0.05,9,0,0,6.04E-06
2053,0.05,13,0,0,6.07E-26
2054,0.35,17,0,0,2.88E-39
2055,0.15,64,0,0,2.14E-52
2056,0.15,159,0,0,1.27E-69
2057,0,243,0,0,8.64E-89
2058,0,6,0,0,4.64E-55
2059,0,2,0,0,2.41E-33
2060,0.05,0,0,0,1.25E-11
2061,0.15,0,0,0,13791
2062,0.05,0,0,0,13791
2063,0.15,41,0,0,3.87E-39
2064,0.35,21,0,0,9.08E-19
2065,0.05,6,0,0,3.67E+02
2066,0,3,0,0,3714
2067,0,0,0,0,1313
2068,0.05,0,0,0,2.32E-02
2069,0.05,3,0,0,2.62E-22
2070,0.35,4,0,0,1.33E-41
2071,0.35,58,0,0,5.51E-60
2072,0.15,145,0,0,1.23E-75
2073,0,255,0,0,3.35E-90
2074,0,6,0,0,4.05E-55
2075,0,0,0,0,2.07E-33
2076,0.05,0,0,0,1.05E-11
2077,0.15,0,0,0,13791
2078,0.05,0,0,0,13791
2079,0,49,0,0,4.47E-52
2080,0.35,36,0,0,1.45E-31
2081,0.05,11,0,0,4.68E-11
2082,0,3,0,0,3714
2083,0,2,0,0,3714
2084,0.05,0,0,0,1196
2085,0.05,0,0,0,7.91E-12
2086,0.35,0,0,0,1.76E-29
2087,0.35,21,0,0,5.30E-45
2088,0.35,78,0,0,1.65E-59
2089,0.15,161,0,0,9.92E-75
2090,0,233,0,0,7.82E-89
2091,0,55,0,0,6.51E-78
2092,0.15,39,0,0,9.11E-55
2093,0.35,20,0,0,1.96E-35
2094,0.35,13,0,0,1.20E-15
2095,0.05,0,0,0,159
2096,0,0,0,0,3714
2097,0,0,0,0,1196
2098,0,0,0,0,398.9275785
2099,0.15,0,0,0,6.69E-14
2100,0.15,0,0,0,1.94E-27
2101,0.35,5,0,0,9.23E-43
2102,0.35,51,0,0,8.06E-60
2103,0.15,115,0,0,1.44E-78
2104,0,189,0,0,9.95E-98
2105,0,111,0,0,2.30E-125
2106,0,49,0,0,3.61E-104
2107,0,15,0,0,3.13E-83
2108,0,10,0,0,8.51E-63
2109,0,3,0,0,5.00E-43
2110,0,2,0,0,1.06E-22
2111,0.05,0,0,0,7.25E-02
2112,0.15,0,0,0,13791
2113,0,0,0,0,3733
2114,0,0,0,0,3733
2115,0.15,30,0,0,1.06E-44
2116,0.35,20,0,0,5.77E-25
2117,0.05,1,0,0,1.32E-03
2118,0,2,0,0,3714
2119,0,0,0,0,1196
2120,0,0,0,0,7.86E+01
2121,0.15,0,0,0,2.52E-14
2122,0.35,1,0,0,8.11E-29
2123,0.35,15,0,0,3.98E-44
2124,0.35,69,0,0,3.91E-58
2125,0.15,152,0,0,1.89E-73
2126,0,219,0,0,5.44E-90
2127,0.05,18,0,0,1213
2128,0,36,0,0,4.49E-63
2129,0.15,21,0,0,4.98E-44
2130,0.35,5,0,0,8.34E-26
2131,0.05,0,0,0,3.26E-06
2132,0,0,0,0,159
2133,0,0,0,0,7423
2134,0,0,1,0,3837
2135,0,0,0,0,3837
2136,0,0,0,0,4.51E-12
2137,0.15,1,0,0,4.23E-30
2138,0.35,11,0,0,3.07E-49
2139,0.35,40,0,0,1.15E-67
2140,0.15,90,0,0,4.98E-82
2141,0,140,0,0,5.76E-93
2142,0,187,0,0,2.25E-102
2143,0,205,0,0,2.04E-114
2144,0,174,0,0,6.04E-144
2145,0,54,0,0,2.86E-122
2146,0,22,0,0,1.30E-100
2147,0,18,0,0,5.51E-79
2148,0,13,0,0,2.03E-57
2149,0,2,0,0,5.37E-36
2150,0,2,0,0,1.21E-14
2151,0.15,1,0,0,13791
2152,0.15,0,0,0,13791
2153,0.05,0,0,0,3733
2154,0,0,0,0,3733
2155,0,33,0,0,7.88E-70
2156,0.15,31,0,0,3.68E-52
2157,0.35,15,0,0,2.81E-33
2158,0.35,5,0,0,1.61E-14
2159,0.05,0,0,0,159
2160,0,0,1,0,159
2161,0,0,0,0,3837
2162,0,0,0,0,1.09E+00
2163,0.15,0,0,0,1.70E-19
2164,0.15,3,0,0,7.00E-38
2165,0.35,7,0,0,5.35E-52
2166,0.35,16,0,0,1.52E-63
2167,0.15,43,0,0,2.88E-73
2168,0.15,97,0,0,4.33E-84
2169,0.05,137,0,0,1.32E-96
2170,0,182,0,0,1.75E-110
2171,0,202,0,0,2.16E-125
2172,0,206,0,0,1.99E-165
2173,0,126,0,0,1.03E-143
2174,0,30,0,0,5.35E-122
2175,0,30,0,0,2.77E-100
2176,0,18,0,0,1.44E-78
2177,0,16,0,0,7.45E-57
2178,0,1,0,0,3.86E-35
2179,0,1,0,0,2.00E-13
2180,0.15,0,0,0,13791
2181,0.05,0,0,0,13791
2182,0,0,0,0,3733
2183,0,0,0,0,3733
2184,0,0,0,0,3733
2185,0,45,0,0,1.64E-71
2186,0.15,28,0,0,3.44E-55
2187,0.35,19,0,0,2.94E-39
2188,0.35,3,0,0,2.92E-22
2189,0.05,1,0,0,1.27E-03
2190,0,0,0,0,159
2191,0,0,0,0,159
2192,0,0,0,0,3837
2193,0,0,0,0,3.19E-07
2194,0.15,0,0,0,2.42E-21
2195,0.15,4,0,0,8.21E-34
2196,0.35,6,0,0,1.56E-44
2197,0.35,7,0,0,6.38E-54
2198,0.35,28,0,0,2.86E-66
2199,0.15,58,0,0,8.30E-80
2200,0.15,113,0,0,7.53E-95
2201,0,152,0,0,7.15E-109
2202,0,189,0,0,2.05E-120
2203,0,190,0,0,5.81E-166
2204,0,133,0,0,2.51E-144
2205,0,65,0,0,1.02E-122
2206,0,54,0,0,3.76E-101
2207,0,31,0,0,1.21E-79
2208,0,10,0,0,3.84E-58
2209,0,3,0,0,1.22E-36
2210,0,0,0,0,1.97E-15
2211,0.15,0,0,0,13791
2212,0.15,0,0,0,13791
2213,0.05,0,0,0,13791
2214,0,0,0,0,3733
2215,0,0,0,0,3733
2216,0,48,0,0,3.04E-77
2217,0,42,0,0,5.46E-70
2218,0.15,39,0,0,4.99E-56
2219,0.35,21,0,0,7.88E-41
2220,0.35,10,0,0,1.40E-24
2221,0.05,2,0,0,9.06E-09
2222,0,0,0,0,1273
2223,0,0,0,0,1273
2224,0,0,0,0,3837
2225,0,0,0,0,3837
2226,0,0,0,0,8.51E-04
2227,0,0,0,0,5.46E-15
2228,0.15,2,0,0,6.18E-25
2229,0.15,2,0,0,4.01E-36
2230,0.15,11,0,0,3.61E-49
2231,0.35,17,0,0,2.66E-64
2232,0.35,48,0,0,3.27E-78
2233,0.15,84,0,0,4.93E-91
2234,0,140,0,0,2.86E-101
2235,0,171,0,0,1.01E-168
2236,0,130,0,0,2.50E-147
2237,0,111,0,0,4.85E-126
2238,0,85,0,0,6.35E-105
2239,0,60,0,0,4.24E-84
2240,0,19,0,0,7.69E-64
2241,0,6,0,0,4.02E-44
2242,0,0,0,0,1.22E-25
2243,0,0,0,0,3.75E-10
2244,0.15,0,0,0,2.68E+02
2245,0.05,0,0,0,6.65E-01
2246,0,0,0,0,3733
2247,0,0,0,0,3733
2248,0,0,0,0,3733
2249,0,0,0,0,3733
2250,0,0,0,0,3837
2251,0,0,0,0,1835
2252,0,0,0,0,3.28E-03
2253,0,0,0,0,6.69E-17
2254,0.15,1,0,0,4.11E-31
2255,0.35,4,0,0,1.70E-42
2256,0.35,10,0,0,1.01E-52
2257,0.15,32,0,0,2.16E-62
2258,0.05,75,0,0,4.28E-72
2259,0,124,0,0,7.43E-82
2260,0,133,0,0,1.85E-90
2261,0,193,0,0,9.16E-157
2262,0,152,0,0,4.42E-160
2263,0,208,0,0,9.07E-138
2264,0,134,0,0,5.65E-117
2265,0,89,0,0,1.43E-96
2266,0,16,0,0,7.40E-77
2267,0,4,0,0,9.80E-58
2268,0,1,0,0,4.99E-37
2269,0.05,0,0,0,2.22E-18
2270,0.15,0,0,0,7.24E+01
2271,0.05,0,0,0,13791
2272,0,0,0,0,2.84E-07
2273,0,0,0,0,2.25E-02
2274,0,0,0,0,3733
2275,0,0,0,0,3733
2276,0,0,0,0,3733
2277,0,46,0,0,2.62E-60
2278,0.15,42,0,0,1.75E-56
2279,0.15,28,0,0,5.70E-53
2280,0.35,20,0,0,2.12E-39
2281,0.35,6,0,0,2.03E-25
2282,0.05,2,0,0,3.78E-10
2283,0,0,0,0,20030
2284,0,0,1,0,1273
2285,0,0,0,0,3837
2286,0,0,0,0,3837
2287,0,0,0,0,3837
2288,0,0,0,0,7.04E-06
2289,0,0,0,0,2.21E-18
2290,0.15,4,0,0,9.42E-34
2291,0.15,4,0,0,1.49E-47
2292,0.35,10,0,0,2.34E-61
2293,0.35,24,0,0,7.06E-72
2294,0.15,71,0,0,5.96E-82
2295,0,119,0,0,1.85E-91
2296,0,187,0,0,1.67E-173
2297,0,145,0,0,9.10E-153
2298,0,173,0,0,2.46E-132
2299,0,121,0,0,2.33E-112
2300,0,95,0,0,1.12E-92
2301,0,21,0,0,6.79E-74
2302,0,5,0,0,5.81E-55
2303,0,0,0,0,3.01E-33
2304,0,0,0,0,1.56E-11
2305,0.15,0,0,0,13791
2306,0.05,0,0,0,8.88E+01
2307,0,0,0,0,1.23E-01
2308,0,0,0,0,1577.477733
2309,0,0,0,0,3733
2310,0,0,0,0,3733
2311,0,0,0,0,3733
2312,0,33,0,0,1.48E-40
2313,0,31,0,0,3.64E-35
2314,0.05,44,0,0,6.53E-35
2315,0.05,57,0,0,3.43E-36
2316,0.05,66,0,0,4.10E-31
2317,0,72,0,0,3.33E-31
2318,0,60,0,0,1.11E-32
2319,0,61,0,0,2.06E-38
2320,0.05,58,0,0,1.02E-50
2321,0.05,60,0,0,1.41E-46
2322,0,47,0,0,4.16E-39
2323,0.15,30,0,0,1.36E-38
2324,0.35,19,0,0,1.72E-36
2325,0.35,9,0,0,2.95E-31
2326,0.35,5,0,0,7.83E-23
2327,0.05,1,0,0,5.58E-09
2328,0,0,0,0,20030
2329,0,0,0,0,20030
2330,0,0,0,0,1273
2331,0,24,0,0,1.90E-31
2332,0.15,35,0,0,5.04E-21
2333,0.15,26,0,0,1.65E-13
2334,0.15,35,0,0,3.39E-13
2335,0.15,41,0,0,3.32E-17
2336,0.15,49,0,0,2.12E-09
2337,0.15,52,0,0,1.16E-09
2338,0.15,42,0,0,5.76E-11
2339,0.15,41,0,0,5.24E-20
2340,0.15,34,0,0,1.57E-36
2341,0.15,33,0,0,1.94E-25
2342,0.35,19,0,0,5.77E-18
2343,0.35,10,0,0,7.04E-17
2344,0.35,3,0,0,8.95E-17
2345,0.05,1,0,0,1.53E-09
2346,0.05,0,0,0,1.07E-04
2347,0,0,0,0,20030
2348,0,0,0,0,20030
2349,0,0,0,0,20030
2350,0,0,0,0,1835
2351,0,0,0,0,1835
2352,0,0,0,0,1.17E+00
2353,0.15,0,0,0,5.06E-13
2354,0.15,4,0,0,2.43E-23
2355,0.35,7,0,0,2.08E-33
2356,0.15,10,0,0,6.61E-43
2357,0.15,16,0,0,1.23E-52
2358,0.05,41,0,0,3.53E-62
2359,0,65,0,0,1.10E-69
2360,0,94,0,0,1.56E-74
2361,0,265,0,0,3.21E-135
2362,0,245,0,0,6.36E-139
2363,0,243,0,0,1.33E-133
2364,0,155,0,0,4.63E-112
2365,0,72,0,0,1.34E-90
2366,0,8,0,0,2.76E-69
2367,0,1,0,0,2.62E-48
2368,0,1,0,0,2.64E-28
2369,0.05,1,0,0,2.43E-10
2370,0.15,0,0,0,3.88E+01
2371,0.05,0,0,0,2132.971772
2372,0,0,0,0,13791
2373,0,0,0,0,13791
2374,0,0,0,0,2.30E-05
2375,0,0,0,0,819.0928758
2376,0,0,0,0,3733
2377,0,0,0,0,3733
2378,0,0,0,0,3733
2379,0,15,0,0,2.87E-38
2380,0.15,15,0,0,1.41E-17
2381,0.15,14,0,0,3.56E-01
2382,0.05,0,0,0,601
2383,0.05,0,0,0,601
2384,0.05,0,0,0,601
2385,0.05,0,0,0,284
2386,0.05,2,0,0,284
2387,0.05,2,0,0,284
2388,0.35,2,0,0,2.99E-09
2389,0.35,2,0,0,2.09E-17
2390,0.35,2,0,0,1.65E-07
2391,0.05,0,0,0,6.81E+00
2392,0.05,0,0,0,335
2393,0.05,0,0,0,891
2394,0,0,0,0,891
2395,0,0,0,0,20030
2396,0,0,0,0,20030
2397,0,0,0,0,1835
2398,0,0,0,0,1835
2399,0,3,0,0,3.57E-04
2400,0.15,5,0,0,7.63E-14
2401,0.35,12,0,0,1.54E-23
2402,0.15,11,0,0,2.56E-33
2403,0.15,14,0,0,3.46E-42
2404,0.05,15,0,0,1.32E-48
2405,0.05,36,0,0,3.41E-53
2406,0,64,0,0,1.07E-57
2407,0,93,0,0,1.68E-65
2408,0,92,0,0,2.81E-77
2409,0,130,0,0,9.21E-92
2410,0,188,0,0,1.64E-106
2411,0,230,0,0,3.39E-102
2412,0,186,0,0,4.91E-100
2413,0,171,0,0,6.02E-100
2414,0,181,0,0,2.62E-101
2415,0,162,0,0,7.74E-102
2416,0,169,0,0,3.73E-106
2417,0,160,0,0,3.25E-112
2418,0,159,0,0,3.49E-112
2419,0,219,0,0,1.12E-113
2420,0,260,0,0,5.80E-118
2421,0,251,0,0,8.03E-126
2422,0,182,0,0,5.71E-111
2423,0,64,0,0,2.96E-89
2424,0,11,0,0,1.53E-67
2425,0,1,0,0,7.95E-46
2426,0,0,0,0,4.12E-24
2427,0.05,0,0,0,2.14E-02
2428,0.15,0,0,0,13791
2429,0.05,0,0,0,1.21E-02
2430,0,0,0,0,8.24E-01
2431,0,0,0,0,5.15E-01
2432,0,0,0,0,4.31E-08
2433,0,0,0,0,3.04E-19
2434,0,0,0,0,1.20E+02
2435,0,0,0,0,3733
2436,0,0,0,0,3733
2437,0,0,0,0,3733
2438,0,0,0,0,244
2439,0,0,0,0,244
2440,0,0,0,0,1156
2441,0.15,3,0,0,1.18E-15
2442,0.05,2,0,0,601
2443,0,0,0,0,601
2444,0,0,0,0,601
2445,0,0,0,0,284
2446,0,0,0,0,284
2447,0,0,0,0,271
2448,0,0,0,0,231
2449,0.05,0,0,0,231
2450,0.05,0,0,0,335
2451,0,0,0,0,335
2452,0,0,0,0,891
2453,0,0,0,0,891
2454,0,0,0,0,1835
2455,0,0,1,0,1835
2456,0,2,0,0,1835
2457,0.15,6,0,0,3.94E-04
2458,0.35,8,0,0,1.22E-13
2459,0.35,6,0,0,8.62E-22
2460,0.15,5,0,0,1.07E-27
2461,0.05,13,0,0,1.37E-31
2462,0.05,23,0,0,2.29E-37
2463,0,32,0,0,4.71E-47
2464,0,45,0,0,4.43E-61
2465,0,58,0,0,1.26E-77
2466,0,84,0,0,4.21E-85
2467,0,116,0,0,6.39E-81
2468,0,88,0,0,2.41E-78
2469,0,104,0,0,3.12E-78
2470,0,146,0,0,1.36E-79
2471,0,142,0,0,2.91E-80
2472,0,133,0,0,2.67E-85
2473,0,94,0,0,1.66E-90
2474,0,101,0,0,1.81E-90
2475,0,154,0,0,3.89E-92
2476,0,205,0,0,2.50E-97
2477,0,209,0,0,1.09E-106
2478,0,163,0,0,4.18E-111
2479,0,71,0,0,2.10E-89
2480,0,9,0,0,1.06E-67
2481,0,0,0,0,5.31E-46
2482,0,0,0,0,2.67E-24
2483,0.15,0,0,0,1.34E-02
2484,0.15,0,0,0,13791
2485,0.05,0,0,0,13791
2486,0,0,0,0,1.14E-13
2487,0,0,0,0,9.93E-23
2488,0,0,0,0,5.07E-27
2489,0,0,0,0,2.30E-20
2490,0,0,0,0,1.12E+02
2491,0,0,0,0,3733
2492,0,0,0,0,3733
2493,0,0,0,0,5307
2494,0,0,0,0,244
2495,0,0,0,0,2.61E-05
2496,0,0,0,0,2.34E-05
2497,0,0,0,0,1156
2498,0,0,0,0,1156
2499,0,0,0,0,231
2500,0,0,0,0,335
2501,0,0,0,0,1835
2502,0,0,0,0,1835
2503,0,3,0,0,1835
2504,0.05,2,0,0,4.43E-01
2505,0.35,3,0,0,2.23E-06
2506,0.35,6,0,0,5.48E-10
2507,0.35,6,0,0,5.86E-17
2508,0.05,5,0,0,2.05E-30
2509,0.05,6,0,0,1.72E-47
2510,0,8,0,0,7.46E-64
2511,0,9,0,0,1.03E-63
2512,0,17,0,0,5.98E-60
2513,0,11,0,0,1.14E-56
2514,0,15,0,0,1.62E-56
2515,0,11,0,0,7.05E-58
2516,0,12,0,0,8.69E-59
2517,0.05,8,0,0,6.02E-65
2518,0.05,9,0,0,8.39E-69
2519,0.05,10,0,0,9.38E-69
2520,0.05,32,0,0,1.16E-70
2521,0,86,0,0,2.84E-77
2522,0,136,0,0,2.48E-88
2523,0,132,0,0,6.24E-102
2524,0,80,0,0,6.18E-92
2525,0,22,0,0,6.05E-71
2526,0,2,0,0,1.57E-50
2527,0,0,0,0,1.43E-31
2528,0.05,0,0,0,4.57E-14
2529,0.15,0,0,0,1.15E+00
2530,0.15,0,0,0,1.06E+01
2531,0.05,0,0,0,1.43E-10
2532,0,0,0,0,8.17E-12
2533,0,0,0,0,1.19E-27
2534,0,0,0,0,1.79E-25
2535,0,0,0,0,8.64E-04
2536,0,0,0,0,3733
2537,0,0,0,0,2.82E+02
2538,0,0,0,0,5307
2539,0,0,0,0,5307
2540,0,0,0,0,3.35E-04
2541,0,0,0,0,5.24E-03
2542,0,0,0,0,1156
2543,0,0,0,0,421
2544,0,0,0,0,421
2545,0,0,0,0,2110
2546,0,0,0,0,2110
2547,0,2,0,0,2110
2548,0,0,0,0,2110
2549,0,0,0,0,632
2550,0,4,0,0,632
2551,0,5,0,0,632
2552,0.05,4,0,0,632
2553,0.05,1,0,0,632
2554,0.35,1,0,0,1.63E-04
2555,0.05,1,0,0,3.15E-26
2556,0,8,0,0,6.07E-48
2557,0,42,0,0,4.92E-103
2558,0,12,0,0,7.66E-83
2559,0,0,0,0,1.31E-63
2560,0.05,0,0,0,1.86E-46
2561,0.15,0,0,0,2.46E-34
2562,0.15,0,0,0,8.38E-32
2563,0.05,0,0,0,9.98E-33
2564,0,0,0,0,9.64E-43
2565,0,0,0,0,5.12E-59
2566,0,0,0,0,7.06E-51
2567,0,0,0,0,1.85E-33
2568,0,0,0,0,8.64E-15
2569,0,0,0,0,7.66E-01
2570,0,0,0,0,13791
2571,0,0,0,0,13791
2572,0,0,0,0,1060
2573,0.15,1,0,0,2.51E-04
2574,0.05,1,0,0,4.85E-26
2575,0,13,0,0,9.35E-48
2576,0,0,0,0,1.64E-39
2577,0.05,0,0,0,3.69E-21
2578,0.15,0,0,0,1.37E-04
2579,0.05,0,0,0,13791
2580,0,0,0,0,13791
2581,0,0,0,0,2.53E-10
2582,0,0,0,0,2.01E-12
2583,0,0,0,0,13791
2584,0,0,0,0,13791
2585,0,2,1,0,6027
2586,0.15,5,0,0,2.59E-07
2587,0.05,85,0,0,5.36E-29
2588,0,0,0,0,1835
2589,0,0,0,0,1835
2590,0,2,0,0,1835
2591,0,1,0,0,1835
2592,0.15,4,0,0,9.47E+00
2593,0.35,6,0,0,6.83E-19
2594,0.35,8,0,0,5.86E-36
2595,0.05,6,0,0,2.27E-42
2596,0.05,5,0,0,2.49E-42
2597,0.05,14,0,0,1.37E-38
2598,0.05,12,0,0,5.06E-35
2599,0.05,20,0,0,8.39E-35
2600,0.05,19,0,0,3.66E-36
2601,0.15,28,0,0,1.42E-37
2602,0.15,32,0,0,2.39E-45
2603,0.15,26,0,0,4.14E-47
2604,0.15,18,0,0,4.86E-47
2605,0.05,7,0,0,2.17E-49
2606,0.05,16,0,0,2.42E-58
2607,0,49,0,0,3.10E-71
2608,0,81,0,0,4.73E-99
2609,0,43,0,0,7.11E-80
2610,0,14,0,0,1.39E-61
2611,0,1,0,0,9.91E-45
2612,0,0,0,0,1.69E-30
2613,0.05,0,0,0,7.61E-22
2614,0.15,0,0,0,1.12E-08
2615,0.15,0,0,0,13791
2616,0.05,0,0,0,8.76E-01
2617,0,0,0,0,1.69E-22
2618,0,0,0,0,1.36E-32
2619,0,0,0,0,2.16E-19
2620,0,0,0,0,2.29E-18
2621,0,0,0,0,9.82E-06
2622,0,0,0,0,5307
2623,0,0,0,0,5307
2624,0,0,0,0,5307
2625,0,0,0,0,5307
2626,0,0,0,0,5307
2627,0,0,0,0,5307
2628,0,0,0,0,5307
2629,0,3,0,0,2110
2630,0.05,5,0,0,5.23E-07
2631,0.15,6,0,0,8.37E-16
2632,0.35,7,0,0,6.60E-21
2633,0.35,6,0,0,5.50E-21
2634,0.35,13,0,0,2.81E-17
2635,0.35,10,0,0,2.25E-13
2636,0.35,16,0,0,4.35E-13
2637,0.35,15,0,0,1.90E-14
2638,0.35,25,0,0,1.18E-16
2639,0.35,32,0,0,5.94E-24
2640,0.35,28,0,0,1.89E-25
2641,0.35,17,0,0,2.52E-25
2642,0.15,3,0,0,9.61E-29
2643,0.05,4,0,0,1.48E-40
2644,0,16,0,0,3.07E-57
2645,0,46,0,0,2.01E-76
2646,0,70,0,0,7.08E-92
2647,0,40,0,0,2.15E-75
2648,0,5,0,0,5.57E-61
2649,0,0,0,0,5.69E-49
2650,0.05,0,0,0,3.59E-30
2651,0.15,0,0,0,1.86E-08
2652,0.15,0,0,0,13791
2653,0.05,0,0,0,7.49E-01
2654,0,0,0,0,1.65E-22
2655,0,0,0,0,3.21E-44
2656,0,0,0,0,1.35E-40
2657,0,0,0,0,9.88E-31
2658,0,0,0,0,1.78E-12
2659,0,0,0,0,5.93E-09
2660,0,0,0,0,9.09E-14
2661,0,0,0,0,5307
2662,0,0,0,0,5307
2663,0,0,0,0,5307
2664,0,0,0,0,5307
2665,0,0,0,0,5307
2666,0,0,0,0,7.44E+00
2667,0,0,0,0,5307
2668,0,0,0,0,5307
2669,0,0,0,0,5307
2670,0,0,0,0,5307
2671,0,0,0,0,421
2672,0,0,0,0,5307
2673,0,0,0,0,5307
2674,0,1,0,0,2110
2675,0,3,0,0,2110
2676,0.05,4,0,0,2110
2677,0.05,5,0,0,2.10E+01
2678,0.05,4,0,0,1.27E+01
2679,0.05,5,0,0,2110
2680,0.05,3,0,0,632
2681,0.05,9,0,0,632
2682,0.05,14,0,0,632
2683,0.05,24,0,0,148.7680362
2684,0.05,32,0,0,3.08E-02
2685,0.15,28,0,0,5.43E-04
2686,0.15,17,0,0,1.31E-03
2687,0.35,2,0,0,4.86E-10
2688,0.05,5,0,0,5.34E-28
2689,0,11,0,0,5.76E-49
2690,0,71,0,0,4.45E-106
2691,0,45,0,0,2.35E-91
2692,0,6,0,0,5.23E-76
2693,0,1,0,0,4.14E-55
2694,0.05,0,0,0,2.17E-34
2695,0.15,0,0,0,9.54E-16
2696,0.15,0,0,0,4.34E-10
2697,0.05,0,0,0,2.42E-12
2698,0,0,0,0,2.61E-29
2699,0,0,0,0,4.11E-49
2700,0,0,0,0,5.24E-60
2701,0,0,0,0,3.90E-43
2702,0,0,0,0,2.03E-26
2703,0,0,0,0,5.47E-08
2704,0,0,0,0,7.72E+02
2705,0,0,0,0,5307
2706,0,0,0,0,5307
2707,0,0,1,0,5307
2708,0,0,0,0,5307
2709,0,0,0,0,5307
2710,0,0,0,0,5307
2711,0,0,0,0,5307
2712,0,0,0,0,480
2713,0.05,5,0,0,632
2714,0,11,0,0,1060
2715,0.15,21,0,0,1.31E-03
2716,0.05,41,0,0,4.07E-21
2717,0,66,0,0,5.30E-37
2718,0,6,0,0,1.01E-36
2719,0,4,0,0,3.02E-27
2720,0,1,0,0,2.16E-10
2721,0.05,0,0,0,1212
2722,0,0,0,0,1212
2723,0.35,5,0,0,4.48E-09
2724,0.05,8,0,0,1.71E-28
2725,0,17,0,0,2.93E-49
2726,0,14,0,0,1.96E-92
2727,0,1,0,0,5.19E-73
2728,0.05,1,0,0,3.21E-55
2729,0.15,0,0,0,4.61E-41
2730,0.15,0,0,0,8.16E-35
2731,0,0,0,0,8.43E-35
2732,0,0,0,0,3.02E-37
2733,0,0,0,0,3.94E-38
2734,0,0,0,0,1.83E-37
2735,0,0,0,0,1.66E-20
2736,0,0,0,0,4.19E-07
2737,0,0,0,0,13791
2738,0,0,0,0,13791
2739,0.15,14,0,0,5.30E-02
2740,0.15,26,0,0,2.18E-18
2741,0.05,33,0,0,3.87E-33
2742,0,26,0,0,6.80E-44
2743,0,29,0,0,2.46E-55
2744,0,1,0,0,2.85E-53
2745,0,0,0,0,1.10E-31
2746,0.05,0,0,0,1.78E-10
2747,0.15,0,0,0,13791
2748,0,0,0,0,13791
2749,0,0,0,0,13791
2750,0,0,0,0,13791
2751,0,0,0,0,13791
2752,0,0,0,0,13791
2753,0,0,0,0,13791
2754,0,0,0,0,13791
2755,0,0,0,0,13791
2756,0,21,0,0,632
2757,0.05,32,0,0,1060
2758,0.15,23,0,0,4.26E-11
2759,0.05,17,0,0,1.54E-31
2760,0,2,0,0,4.67E-63
2761,0.05,1,0,0,5.10E-44
2762,0.15,1,0,0,1.08E-24
2763,0.15,0,0,0,4.05E-13
2764,0,0,0,0,4.37E-13
2765,0,0,0,0,9.90E-16
2766,0,0,0,0,5.08E-17
2767,0,0,0,0,9.49E-16
2768,0,0,0,0,9.61E-15
2769,0,0,0,0,13791
2770,0,0,0,0,13791
2771,0.05,14,0,0,1060
2772,0.15,27,0,0,2.80E-03
2773,0.15,38,0,0,1.49E-14
2774,0.05,27,0,0,6.40E-25
2775,0,24,0,0,7.19E-41
2776,0,2,0,0,1.17E-56
2777,0.05,0,0,0,3.14E-35
2778,0.15,0,0,0,1.67E-14
2779,0.15,0,0,0,1.26E+03
2780,0,0,0,0,13791
2781,0,0,0,0,13791
2782,0,0,0,0,3747.941627
2783,0,0,0,0,13791
2784,0,0,0,0,2357.958507
2785,0,0,0,0,13791
2786,0,0,0,0,13791
2787,0,0,0,0,13791
2788,0.05,3,0,0,1060
2789,0.15,7,0,0,1.73E-06
2790,0.05,7,0,0,2.53E-27
2791,0,10,0,0,6.80E-49
2792,0,27,0,0,1.50E-70
2793,0,0,0,0,9.00E-52
2794,0.05,0,0,0,2.38E-31
2795,0.15,0,0,0,1.23E-09
2796,0.15,0,0,0,13791
2797,0,0,0,0,13791
2798,0,0,0,0,2.34E-04
2799,0,0,0,0,4.38E-05
2800,0,0,0,0,13791
2801,0,0,0,0,13791
2802,0,1,0,0,1060
2803,0.15,1,0,0,3.45E-04
2804,0.05,5,0,0,6.66E-26
2805,0,25,0,0,1.28E-47
2806,0,0,0,0,2.21E-40
2807,0.05,0,0,0,6.14E-27
2808,0.15,0,0,0,3.80E-10
2809,0.15,0,0,0,13791
2810,0,0,0,0,13791
2811,0,0,0,0,13791
2812,0,0,0,0,12118.37734
2813,0,0,0,0,2.55E-08
2814,0,0,0,0,13791
2815,0,0,0,0,13791
2816,0,0,0,0,1060
2817,0.15,1,0,0,1060
2818,0.15,15,0,0,2.33E-10
2819,0.05,34,0,0,4.95E-28
2820,0,0,0,0,1.15E-25
2821,0.05,0,0,0,7.76E-10
2822,0.15,0,0,0,12968.41487
2823,0.05,0,0,0,13791
2824,0,0,0,0,13791
2825,0,0,0,0,13791
2826,0,0,0,0,13791
2827,0,0,0,0,13791
2828,0,0,0,0,13791
2829,0,0,1,0,13791
2830,0.05,5,0,0,1060
2831,0.15,16,0,0,2.44E-06
2832,0.05,40,0,0,2.20E-21
2833,0,63,0,0,8.45E-40
2834,0,0,0,0,1.92E-17
2835,0.15,0,0,0,13791
2836,0.05,0,0,0,13791
2837,0,0,0,0,13791
2838,0,0,0,0,13791
2839,0,0,0,0,13791
2840,0,0,0,0,13791
2841,0,0,0,0,13791
2842,0,0,0,0,13791
2843,0,0,0,0,13791
2844,0.05,0,0,0,1.53E-15
2845,0.15,0,0,0,13791
2846,0,0,0,0,13791
2847,0,0,0,0,13791
2848,0,0,0,0,13791
2849,0,0,0,0,13791
2850,0,0,0,0,13791
2851,0,0,0,0,13791
2852,0,8,0,0,1213
2853,0.05,28,0,0,1213
2854,0.15,51,0,0,4.87E-11
2855,0,71,0,0,2.27E-30
2856,0.05,0,0,0,3.30E-06
2857,0.15,0,0,0,9277.418612
2858,0,0,0,0,13791
2859,0,5,0,0,815
2860,0.15,32,0,0,5.73E-05
2861,0.05,88,0,0,1.01E-21
2862,0,119,0,0,1.22E-38
2863,0,2,0,0,5.06E-04
2864,0,0,0,0,13791
2865,0,0,0,0,13791
2866,0.15,6,0,0,815
2867,0.15,44,0,0,6.89E-15
2868,0,104,0,0,5.54E-34
2869,0,5,0,0,1.40E-17
2870,0,4,0,0,1.38E-08
2871,0,1,0,0,798.1484418
2872,0,0,0,0,1212
2873,0.05,4,0,0,6027
2874,0.05,60,0,0,1.42E-15
2875,0,100,0,0,2.74E-37
2876,0.05,0,0,0,659
2877,0.05,17,0,0,7.88E-16
2878,0,82,0,0,3.58E-33
2879,0,151,0,0,6.53E-50
2880,0.05,0,0,0,5231
2881,0.05,0,0,0,4.56E-10
2882,0,0,0,0,3.32E-14
2883,0.15,2,0,0,6027
2884,0.05,69,0,0,1.97E-16
2885,0,95,0,0,1.08E-37
2886,0,5,0,0,3.21E-38
2887,0,1,0,0,5.64E-21
2888,0.05,1,0,0,2.61E-07
2889,0.05,1,0,0,1212
2890,0,0,0,0,6027
2891,0.15,3,0,0,1.23E-04
2892,0.05,85,0,0,4.21E-25
2893,0,119,0,0,5.32E-45
2894,0,9,0,0,4.89E-31
2895,0,9,0,0,1.13E-09
2896,0.05,9,0,0,1212
2897,0,0,0,0,1212
2898,0,114,0,0,1.05E-50
2899,0,15,0,0,7.24E-37
2900,0,20,0,0,1.38E-17
2901,0,16,0,0,473.107295
2902,0.05,5,0,0,1212
2903,0,0,0,0,1212
2904,0.05,4,0,0,658
2905,0.05,7,0,0,3.37E-15
2906,0,81,0,0,1.38E-34
2907,0,107,0,0,8.24E-54
2908,0,59,0,0,1.75E-26
2909,0,52,0,0,1.52E-10
2910,0.05,32,0,0,6.22E-04
2911,0.05,3,0,0,1212
2912,0,0,0,0,1212
2913,0,0,0,0,161114
2914,0.05,0,1,0,161114
2915,0.15,1,0,0,161114
2916,0.15,22,0,0,1.64E+03
2917,0.05,67,0,0,1.12E-01
2918,0.05,113,0,0,3.57E-04
2919,0,113,0,0,1.94E-18
2920,0,94,0,0,7.82E-27
2921,0,84,0,0,4.36E-28
2922,0,0,0,0,761
2923,0,0,0,0,761
2924,0,0,0,0,761
2925,0,4,0,0,761
2926,0,0,0,0,2.96E-11
2927,0.05,0,0,0,368
2928,0,0,0,0,21255
2929,0,0,0,0,1.20E-04
2930,0,0,0,0,143
2931,0,0,0,0,359
2932,0,0,0,2,359
2933,0,0,0,0,419
2934,0.05,0,0,0,4.45E-03
2935,0,0,0,0,1.18E-18
2936,0,0,0,0,4.28E-02
2937,0,0,0,0,359
2938,0,0,0,0,359
2939,0,0,0,0,359
2940,0,2,0,0,785
2941,0.15,4,0,0,9.83E-04
2942,0.05,7,0,0,7.78E-24
2943,0,71,0,0,5.27E-43
2944,0,105,0,0,2.41E-59
2945,0,91,0,0,3.54E-31
2946,0,62,0,0,1.72E-09
2947,0.05,3,0,0,329
2948,0,0,0,0,329
2949,0,0,0,0,785
2950,0.05,2,0,0,785
2951,0.15,2,0,0,1.97E-12
2952,0.05,55,0,0,9.72E-29
2953,0,103,0,0,1.26E-47
2954,0,129,0,0,1.33E-31
2955,0,87,0,0,1.60E-10
2956,0.05,15,0,0,329
2957,0,70,0,0,1.91E-14
2958,0,8,0,0,329
2959,0.05,0,0,0,329
2960,0,0,0,0,785
2961,0.15,0,0,0,1.41E+01
2962,0.05,41,0,0,7.81E-21
2963,0,105,0,0,2.39E-42
2964,0,145,0,0,7.31E-64
2965,0,46,0,0,329
2966,0.05,3,0,0,329
2967,0.05,0,0,0,2828
2968,0.15,6,0,0,1.39E-02
2969,0.05,49,0,0,4.14E-20
2970,0,146,0,0,7.01E-41
2971,0,178,0,0,8.26E-50
2972,0,83,0,0,2.22E-12
2973,0,8,0,0,329
2974,0,0,0,1,132
2975,0,0,0,0,2828
2976,0.05,0,0,0,2828
2977,0.05,18,0,0,1.03E-16
2978,0,94,0,0,9.54E-23
2979,0,182,0,0,3.76E-30
2980,0,109,0,0,9.52E-28
2981,0,78,0,0,7.10E-10
2982,0,5,0,0,2375
2983,0,0,0,0,132
2984,0,0,0,0,6012
2985,0.05,12,0,0,6012
2986,0.15,58,0,0,9.44E+01
2987,0.05,111,0,0,1.83E-15
2988,0,149,0,0,1.77E-30
2989,0,101,0,0,2.00E-65
2990,0,101,0,0,7.98E-44
2991,0,58,0,0,2.03E-22
2992,0,17,0,0,2.68E-01
2993,0.05,0,0,0,2375
2994,0,6,0,0,161114
2995,0,25,0,0,161114
2996,0,42,0,0,161114
2997,0.05,53,0,0,1.98E+00
2998,0.05,58,0,0,3.43E-05
2999,0.05,70,0,0,6.72E-07
3000,0.05,81,0,0,5.79E-17
3001,0,85,0,0,3.79E-27
3002,0,81,0,0,2.44E-43
3003,0.05,0,0,0,743
3004,0.15,0,0,0,743
3005,0,0,0,0,5.15E-10
3006,0,0,0,0,8.67E+01
3007,0,0,0,0,12924
3008,0.05,0,0,0,12924
3009,0.05,0,0,0,604
3010,0.15,1,0,0,9.10E+01
3011,0.05,42,0,0,2.15E-01
3012,0.05,127,0,0,1.16E-15
3013,0,194,0,0,4.22E-32
3014,0,86,0,0,4.45E-22
3015,0,62,0,0,1.77E+00
3016,0,0,0,0,2375
3017,0,0,0,0,1133
3018,0.05,3,0,0,1133
3019,0.15,68,0,0,1.36E-03
3020,0.05,132,0,0,1.02E-15
3021,0,99,0,0,4.96E-43
3022,0,74,0,0,2.57E-21
3023,0,43,0,0,1.33E+01
3024,0,1,0,0,2375
3025,0.05,5,0,0,6012
3026,0.15,29,0,0,2.65E+00
3027,0.05,70,0,0,4.26E-11
3028,0.05,106,0,0,7.25E-18
3029,0,133,0,0,3.96E-23
3030,0,104,0,0,2.75E-55
3031,0,74,0,0,1.59E-39
3032,0,35,0,0,1.53E-23
3033,0,6,0,0,6.37E-04
3034,0.05,0,0,0,2375
3035,0,96,0,0,9.29E-36
3036,0,106,0,0,8.11E-45
3037,0,93,0,0,1.01E-57
3038,0,73,0,0,7.49E-44
3039,0,38,0,0,4.67E-25
3040,0,14,0,0,7.92E-09
3041,0.05,1,0,0,2375
3042,0.05,0,0,0,2375
3043,0,29,0,0,5.12E-17
3044,0,4,0,0,2375
3045,0.05,0,0,0,2375
3046,0,0,0,0,161114
3047,0.15,2,0,0,161114
3048,0.05,6,0,0,4.33E-08
3049,0,7,0,0,1.36E-20
3050,0,7,0,0,161114
3051,0,7,0,0,161114
3052,0,3,0,0,161114
3053,0.05,7,0,0,161114
3054,0.15,17,0,0,1.38E+04
3055,0.05,23,0,0,1.32E-14
3056,0,22,0,0,4.14E-36
3057,0,7,0,0,2.23E-12
3058,0.05,1,0,0,2375
3059,0,0,0,0,2375
3060,0,1,0,0,9.19E-09
3061,0.05,0,0,0,2375
3062,0,0,0,0,161114
3063,0.15,0,0,0,161114
3064,0.05,0,0,0,2.45E-02
3065,0,0,0,0,2.57E+01
3066,0.05,0,0,0,2375
3067,0,0,0,0,5231
3068,0.15,0,0,0,5231
3069,0.15,0,0,0,5231
3070,0,0,0,0,4.99E-02
3071,0,0,0,0,2375
3072,0.05,0,0,0,2375
3073,0.05,0,0,0,2375
3074,0,0,0,0,2375
3075,0,0,0,0,1.35E-11
3076,0,0,0,0,4.98E-05
3077,0.05,0,0,0,3.17E+02
3078,0.05,0,0,0,12924
3079,0,0,0,0,12924
3080,0.05,0,0,0,2045
3081,0.15,0,0,0,3.00E-05
3082,0,0,0,0,4.60E-26
3083,0,0,0,0,6.76E-18
3084,0,0,0,0,3.90E-03
3085,0.05,0,0,0,12924
3086,0,0,0,0,743
3087,0.05,0,0,0,1.16E-09
3088,0,0,1,0,12924
3089,0,0,0,0,12924
3090,0.05,5,0,0,834
3091,0,80,0,0,500
3092,0.05,1,0,0,589
3093,0.05,1,0,0,996
3094,0,37,0,0,7.85E+00
3095,0.05,1,0,0,589
3096,0,0,0,0,589
3097,0,0,0,0,2045
3098,0.15,0,0,0,2045
3099,0,0,0,0,5.23E-15
3100,0,0,0,0,3.33E-27
3101,0,0,0,0,3.61E-06
3102,0.05,0,0,0,12924
3103,0,0,0,0,12924
3104,0.05,0,0,0,2045
3105,0,0,0,0,1.12E-13
3106,0,0,0,0,3.13E-16
3107,0,0,0,0,1.26E+02
3108,0.05,0,0,0,12924
3109,0,0,0,0,12924
3110,0.15,0,0,0,743
3111,0.15,0,0,0,154.2800101
3112,0.05,0,0,0,1.36E-11
3113,0,0,0,0,2.61E-11
3114,0,0,0,0,5.29E+01
3115,0.05,0,0,0,12924
3116,0.05,11,0,0,557
3117,0,13,0,0,1.41E-11
3118,0.05,0,0,0,500
3119,0.05,5,0,0,834
3120,0.05,45,0,0,9.79E+01
3121,0,30,0,0,500
3122,0,0,0,0,500
3123,0.05,4,0,0,996
3124,0,146,0,0,1.95E+00
3125,0,4,0,0,589
3126,0,0,0,0,589
3127,0,2,0,0,143
3128,0,0,0,0,143
3129,0,0,0,0,143
3130,0.05,1,0,0,996
3131,0,5,0,0,1.02E+02
3132,0.05,2,0,0,589
3133,0,0,0,0,589
3134,0.05,5,0,0,996
3135,0,3,0,0,1.63E-02
3136,0.05,0,0,0,762
3137,0,0,0,0,762
3138,0.05,11,0,0,996
3139,0,0,0,0,442
3140,0,0,0,0,762
3141,0.05,19,0,0,996
3142,0,0,0,0,442
3143,0,0,0,0,418
3144,0,0,0,0,996
3145,0,53,0,0,729.9626191
3146,0,7,0,0,4.56E-07
3147,0,0,0,0,442
3148,0,0,0,0,996
3149,0,94,0,0,8.45E-07
3150,0,2,0,0,1.07E-04
3151,0,0,0,0,418
3152,0,0,0,0,996
3153,0,0,0,0,2.79E+00
3154,0,0,0,0,442
3155,0,0,0,0,418
3156,0,0,0,0,1325
3157,0,0,0,0,1.18E-02
3158,0.05,0,0,0,442
3159,0,0,0,0,1147
3160,0.05,1,0,0,7.89E-06
3161,0,5,0,0,5.48E-06
3162,0,0,0,0,368
3163,0,0,0,0,1325
3164,0,0,0,0,1.33E-02
3165,0.05,2,0,0,3.60E-03
3166,0.05,0,0,0,492
3167,0,0,0,0,2514
3168,0.05,0,0,0,2.45E+00
3169,0,1,0,0,3.07E-15
3170,0,0,0,0,368
3171,0,0,0,0,368
3172,0,0,0,0,2514
3173,0,1,0,0,3.68E+00
3174,0,1,0,0,272
3175,0,0,0,0,272
3176,0.05,0,0,0,368
3177,0.05,0,0,0,368
3178,0,0,0,0,2514
3179,0,0,0,0,2514
3180,0,21,0,0,2.62E-10
3181,0,0,0,0,272
3182,0,0,0,0,272
3183,0.05,0,0,0,368
3184,0,0,0,0,21255
3185,0,0,1,0,4.02E+01
3186,0,0,0,0,3.37E-10
3187,0,8,0,0,272
3188,0,0,0,0,272
3189,0.05,0,0,0,450
3190,0,0,0,0,450
3191,0,0,0,0,21255
3192,0.05,0,0,0,21255
3193,0,0,0,0,21255
3194,0,0,0,0,3.89E-05
3195,0,0,0,0,8.07E-08
3196,0,0,0,0,359
3197,0,0,0,0,359
3198,0,0,0,0,1137
3199,0.05,0,0,0,419
3200,0.05,0,0,0,7.07E-03
3201,0,0,0,0,2.02E-16
3202,0,0,0,0,359
3203,0,0,0,0,359
3204,0,0,0,0,359
3205,0,0,0,0,510
3206,0,0,0,0,510
3207,0,0,0,0,354.7180765
3208,0,0,0,0,2.94E-11
3209,0,0,0,0,2.24E-21
3210,0,0,0,0,359
3211,0,0,0,0,359
3212,0,0,0,0,431
3213,0,0,0,0,1.81E+01
3214,0,0,0,0,7.51E-10
3215,0,0,0,0,7.54E-14
3216,0,0,0,0,359
3217,0,0,0,1,359
3218,0,0,0,0,359
3219,0,0,0,0,812
3220,0.05,0,0,0,2.38E-01
3221,0,0,0,0,4.60E-23
3222,0,32,0,0,359
3223,0,4,0,0,359
3224,0,0,0,0,431
3225,0.05,0,0,0,431
3226,0,0,0,0,2.97E-11
3227,0,0,0,0,1.94E-29
3228,0,8,0,0,359
3229,0,0,0,0,359
3230,0,0,0,0,2427
3231,0.05,0,0,0,1.79E-01
3232,0,0,0,0,4.39E-23
3233,0,1,0,0,359
3234,0,0,0,0,359
3235,0.05,0,0,0,359
3236,0,0,0,0,2427
3237,0.05,0,0,0,2427
3238,0,0,0,0,4.68E-10
3239,0,0,0,0,1.82E-01
3240,0.05,0,0,0,619
3241,0,0,0,0,2427
3242,0.05,0,0,0,1.24E+01
3243,0,0,0,0,2.59E-09
3244,0,0,0,0,2.39E-24
3245,0,0,0,0,619
3246,0.05,0,0,0,619
3247,0,0,0,0,361
3248,0,0,0,0,1.21E-13
3249,0,0,0,0,3.54E-06
3250,0.15,0,0,0,619
3251,0.05,0,0,0,278
3252,0,0,0,0,278
3253,0.15,0,0,0,278
3254,0,0,0,0,361
3255,0.05,0,0,0,278
3256,0,0,0,0,278
3257,0.05,0,0,0,4.42E+00
3258,0,0,0,0,530
3259,0,0,0,0,2.83E-03
3260,0,0,0,0,278
3261,0.05,0,0,0,278
3262,0,0,0,0,539
3263,0,0,0,0,7.00E-11
3264,0,0,0,1,278
3265,0,0,0,0,539
3266,0,0,0,0,5.48E-06
3267,0,7,0,0,386
3268,0,0,0,0,386
3269,0.05,0,0,0,5.68E-05
3270,0,9,0,0,1.05E-01
3271,0,0,0,0,386
3272,0,0,0,0,386
3273,0,0,0,0,386
3274,0,0,0,0,3845
3275,0,0,0,0,2.84E-02
3276,0,7,0,0,1718
3277,0,0,0,0,1718
3278,0,0,0,0,1718
3279,0,0,0,0,1.73E-28
3280,0,0,0,0,6.19E-15
3281,0,0,0,0,4.53E-07
3282,0,0,0,0,1303
3283,0.05,0,0,0,1303
3284,0,0,0,0,2.14E-09
3285,0,0,0,0,2431
3286,0,0,0,0,2431
3287,0,0,0,0,858
3288,0,0,0,0,7.74E+01
3289,0,0,0,0,517
3290,0,0,0,0,8.81E-08
3291,0,0,0,0,386
3292,0,0,0,0,386
3293,0,0,0,0,3845
3294,0,0,0,0,2.38E-01
3295,0,0,0,0,386
3296,0,0,0,0,386
3297,0,0,0,0,1718
3298,0,0,0,0,1.20E+02
3299,0,0,0,0,386
3300,0,0,0,0,1718
3301,0,0,0,0,3845
3302,0,0,0,0,3845
3303,0,0,0,0,3.32E-01
3304,0,0,0,0,1673
3305,0,3,0,0,1718
3306,0,0,0,0,1514
3307,0,0,0,0,1514
3308,0,1,0,1,1718
3309,0,0,0,0,1673
3310,0,0,0,0,2.86E-05
3311,0,3,0,0,1718
3312,0,0,0,0,1718
3313,0,0,0,0,1718
3314,0,0,0,0,1718
3315,0,0,0,0,1718
3316,0,0,0,0,1718
3317,0.05,0,0,0,1718
3318,0,0,0,0,1718
3319,0,0,0,0,1718
3320,0,0,0,1,1718
3321,0,0,0,0,1718
3322,0,0,0,0,1718
3323,0.05,0,0,0,6.00E-03
3324,0.05,0,0,0,4.64E-05
3325,0.05,0,0,0,1718
3326,0,0,0,1,1718
3327,0,0,0,0,1514
3328,0,0,0,0,4.35E-09
3329,0,0,0,0,8.02E-03
3330,0,0,0,0,1718
3331,0,0,0,0,1718
3332,0,0,0,0,1718
3333,0.05,0,1,0,1718
3334,0.05,0,0,0,2.32E-14
3335,0,0,0,0,1718
3336,0,0,0,0,1718
3337,0,0,0,0,597
3338,0,0,0,0,597
3339,0,0,0,0,597
3340,0,0,0,0,1514
3341,0,0,0,0,3.82E-06
3342,0.05,0,0,0,4.28E-17
3343,0,0,0,0,1718
3344,0,0,0,0,1718
3345,0.05,0,0,0,5.14E+00
3346,0,0,0,0,4666
3347,0,0,0,0,4666
3348,0,0,0,0,597
3349,0,0,0,0,1514
3350,0,0,0,0,2.97E-06
3351,0,0,0,0,7.37E-28
3352,0.05,0,0,0,1.51E-25
3353,0,0,0,0,2.90E-09
3354,0.05,0,0,0,1.87E-08
3355,0.05,0,0,0,4666
3356,0.05,0,1,0,4666
3357,0,0,0,0,503
3358,0,0,0,0,7.14E-06
3359,0,0,0,0,2.96E-39
3360,0,0,0,0,1.89E-30
3361,0,0,0,0,6.69E-16
3362,0,0,0,0,4666
3363,0,0,0,0,4666
3364,0,0,0,0,503
3365,0,0,0,0,5.51E-12
3366,0,0,0,0,503
3367,0,0,0,0,7.03E-10
3368,0,0,0,0,3.90E+02
3369,0,0,0,0,2431
3370,0.05,0,0,0,1303
3371,0,0,0,0,2431
3372,0,0,0,0,503
3373,0,0,0,0,317
3374,0,0,0,0,1.15E-06
3375,0,0,0,0,1.42E+02
3376,0,0,0,0,2431
3377,0,0,0,0,2431
3378,0,0,0,0,858
3379,0,0,0,0,5.64E-05
3380,0,0,0,0,1.99E+00
3381,0,0,0,0,2431
3382,0,0,0,0,2431
3383,0,0,0,0,858
3384,0,0,0,0,2431
3385,0,0,0,0,2431
3386,0,0,0,0,2431
3387,0,0,0,0,2431
3388,0,8,0,0,2431
3389,0,0,0,0,2431
3390,0,0,0,0,5.22E-02
3391,0,0,0,0,2431
3392,0,0,0,0,2431
3393,0,0,0,0,2431
3394,0,0,0,0,858
3395,0,0,0,0,261.5526244
3396,0,4,0,0,2431
3397,0,0,0,0,2431
3398,0,0,0,0,1.55E+02
3399,0,0,0,0,2431
3400,0,0,0,0,2431
3401,0,0,0,0,739
3402,0,12,0,0,1.26E+01
3403,0,2,0,0,2431
3404,0,0,0,0,2431
3405,0,0,0,0,2431
3406,0,0,0,0,2431
3407,0,0,0,0,2431
3408,0,0,0,0,1190
3409,0,0,0,0,4.74E-05
3410,0,0,0,0,2984
3411,0,0,0,0,2984
3412,0,0,0,0,2984
3413,0.05,0,0,0,1186.950319
3414,0.05,0,0,0,3350
3415,0,0,0,0,739
3416,0,0,0,0,1.53E-05
3417,0,0,0,0,2431
3418,0,0,0,0,2431
3419,0,0,0,0,2431
3420,0,0,0,0,2431
3421,0,0,0,0,519
3422,0,1,0,0,2431
3423,0,0,0,0,2431
3424,0,4,0,0,2431
3425,0,0,0,0,2431
3426,0,0,0,0,1190
3427,0,0,0,0,4.44E-16
3428,0,0,0,0,1.38E-01
3429,0,0,0,0,2431
3430,0,0,0,0,2431
3431,0,0,0,0,2431
3432,0,0,0,0,2431
3433,0.05,0,0,0,5.44E+00
3434,0,0,0,0,2431
3435,0.05,0,0,0,2431
3436,0,0,0,0,2431
3437,0,0,0,0,1190
3438,0,0,0,0,1.40E-01
3439,0,10,0,0,2431
3440,0,0,0,0,2431
3441,0,0,0,0,2431
3442,0,0,0,0,2431
3443,0,0,0,0,2431
3444,0,0,1,0,1190
3445,0,0,0,0,6.89E-03
3446,0,0,0,0,2431
3447,0,0,0,0,4.03E+02
3448,0,0,0,0,3.04E-14
3449,0,0,0,0,580.2458885
3450,0,0,0,1,2431
3451,0,0,0,0,5618
3452,0,0,0,0,2420
3453,0,0,0,0,2420
3454,0,0,0,0,2420
3455,0,0,0,0,5618
3456,0,0,0,0,3.41E+01
3457,0,0,0,0,2431
3458,0,0,0,0,2.09E-08
3459,0,0,0,0,2984
3460,0.05,0,0,0,2984
3461,0,0,0,0,2984
3462,0,0,0,0,5618
3463,0,0,0,0,2431
3464,0,0,0,0,7.46E-08
3465,0,0,0,0,3.46E-24
3466,0,0,0,0,1.94E-11
3467,0,0,0,0,2984
3468,0,0,0,0,2984
3469,0,0,0,0,2984
3470,0,0,0,0,2.14E-02
3471,0,0,0,0,1.83E-01
3472,0,0,0,0,4.79E-06
3473,0.05,0,0,0,3350
3474,0,0,0,0,5618
3475,0,0,0,0,3.36E-11
3476,0,0,0,0,601
3477,0,0,0,0,1.27E-04
3478,0,0,0,0,1.61E-01
3479,0,0,0,0,4.77E-14
3480,0,0,0,0,1.41E-10
3481,0,0,0,0,3350
3482,0.05,0,0,0,3350
3483,0.15,0,0,0,3.83E+02
3484,0,0,0,0,1.14E-18
3485,0,0,0,0,1.01E-39
3486,0,0,0,0,13239
3487,0,0,0,0,13239
3488,0,15,0,0,4.13E-39
3489,0,0,0,0,9.64E-33
3490,0,0,0,0,559
3491,0,0,0,0,559
3492,0,4,0,0,3.36E-34
3493,0,0,0,0,5.01E-14
3494,0,0,0,0,2420
3495,0,0,0,0,2420
3496,0,0,0,0,2420
3497,0,0,0,0,2420
3498,0,0,0,0,1018
3499,0,0,0,0,1018
3500,0,0,0,0,601
3501,0,0,0,0,1.26E-07
3502,0,0,0,0,2420
3503,0,0,0,0,2420
3504,0,0,0,0,2420
3505,0,0,0,0,3.47E+00
3506,0,0,0,0,1018
3507,0.05,0,0,0,3350
3508,0,0,0,0,3350
3509,0,0,0,0,956
3510,0,1,0,0,956
3511,0,0,0,0,956
3512,0,1,0,0,2.28E-08
3513,0,0,0,0,6.50E-23
3514,0,0,0,0,2.52E-04
3515,0,0,0,0,2420
3516,0,0,0,0,2420
3517,0,0,0,0,956
3518,0,1,0,0,1.71E+02
3519,0,1,0,0,3.35E-17
3520,0,0,0,0,1.28E-13
3521,0,0,0,0,2420
3522,0,0,0,0,2420
3523,0,0,0,0,702
3524,0,2,0,0,2.29E-10
3525,0,0,0,0,2420
3526,0,0,0,0,2420
3527,0,0,0,0,702
3528,0.05,1,0,0,1059
3529,0,2,0,0,2.04E-18
3530,0,0,0,0,1059
3531,0.05,0,0,0,1.43E+01
3532,0,0,0,0,3.55E-11
3533,0,0,1,0,9743
3534,0.05,2,0,0,9743
3535,0,2,0,0,1.09E-10
3536,0,0,0,0,20769
3537,0,0,0,1,20769
3538,0,0,0,0,20769
3539,0,0,0,0,2420
3540,0,0,0,0,2420
3541,0,0,0,0,9743
3542,0.05,1,0,0,1.30E+02
3543,0,0,0,0,5.92E-17
3544,0,0,0,0,5.85E+01
3545,0,0,0,0,2420
3546,0,0,0,0,2420
3547,0,0,0,0,9743
3548,0.05,1,0,0,9743
3549,0,2,0,0,1.01E-09
3550,0,0,0,0,20769
3551,0,0,0,0,20769
3552,0,0,0,0,20769
3553,0,0,0,0,20769
3554,0,0,0,0,2420
3555,0,0,0,0,616
3556,0.05,0,0,0,616
3557,0.05,0,0,0,4.06E+01
3558,0,0,0,0,1.13E-04
3559,0,0,0,0,1179
3560,0.15,0,0,0,1179
3561,0.15,0,0,0,4.64E-08
3562,0,0,0,0,1.09E-17
3563,0,0,0,0,20769
3564,0,0,0,1,20769
3565,0,0,0,0,20769
3566,0,0,0,0,20769
3567,0,0,0,0,20769
3568,0,0,0,0,20769
3569,0,0,0,0,20769
3570,0,0,0,0,20769
3571,0.05,0,0,0,2951
3572,0.15,0,0,0,1.01E-03
3573,0,0,0,0,1.25E-22
3574,0.15,0,0,0,2951
3575,0.15,0,0,0,2.39E-11
3576,0,0,0,0,6.10E-26
3577,0,0,0,1,20769
3578,0,0,0,0,20769
3579,0.15,0,0,0,2951
3580,0,0,0,0,6.30E-14
3581,0,0,0,0,7.97E-34
3582,0,0,0,0,20769
3583,0,0,0,0,1373
3584,0.15,0,0,0,1.70E+00
3585,0,0,0,0,2.63E-21
3586,0,0,0,0,20769
3587,0,0,0,0,1760
3588,0.15,0,0,0,364.6988117
3589,0,0,0,0,1.06E-13
3590,0,0,0,0,7.03E-30
3591,0,0,0,0,13239
3592,0.05,0,0,0,4.78E+01
3593,0,0,0,0,559
3594,0,0,0,0,559
3595,0.15,0,0,0,3952
3596,0,0,0,0,6.40E-11
3597,0,0,0,0,1.36E-28
3598,0,0,0,0,13239
3599,0,0,0,0,13239
3600,0.05,0,0,0,13239
3601,0,0,0,0,559
3602,0,0,0,0,559
3603,0.15,0,0,0,2578
3604,0,0,0,0,1.86E-18
3605,0.05,0,0,0,13239
3606,0,0,0,0,13239
3607,0,0,0,0,13239
3608,0,13,0,0,2.48E-23
3609,0,0,0,0,4.96E-11
3610,0,0,0,0,1162
3611,0,0,0,0,1162
3612,0,0,0,0,1162
3613,0,0,0,0,1162
3614,0.15,0,0,0,4.31E+01
3615,0,0,0,0,8.08E-20
3616,0,0,0,0,13239
3617,0,0,0,0,13239
3618,0,0,0,0,1162
3619,0,0,0,0,1162
3620,0,0,0,0,1162
3621,0,0,0,0,1162
3622,0.15,0,0,0,29787
3623,0,0,0,0,3.18E-11
3624,0,0,0,0,2.22E-27
3625,0,0,0,0,13239
3626,0,0,0,0,13239
3627,0,0,0,0,13239
3628,0,0,0,0,13239
3629,0,0,0,0,1.36E+01
3630,0,0,0,1,1162
3631,0,0,0,0,1162
3632,0.05,0,0,0,29787
3633,0.15,0,0,0,2.33E+02
3634,0,0,0,0,9.48E-20
3635,0.05,0,0,0,13239
3636,0,0,0,0,13239
3637,0,0,0,0,1.42E-02
3638,0,0,0,0,1162
3639,0,0,0,0,1162
3640,0,0,0,0,1162
3641,0,0,0,0,1162
3642,0.15,0,0,0,29787
3643,0,0,0,0,6.31E-15
3644,0.15,0,0,0,13239
3645,0,0,0,0,13239
3646,0,0,0,0,1162
3647,0,0,0,0,1162
3648,0,0,0,0,1162
3649,0,0,0,0,1162
3650,0,0,0,0,460
3651,0.15,0,0,0,2.54E+02
3652,0.15,0,0,0,1.61E-14
3653,0,0,0,0,1.84E-28
3654,0.15,0,0,0,13239
3655,0,0,0,0,13239
3656,0,0,0,0,13239
3657,0,1,0,0,1162
3658,0,0,0,0,1162
3659,0,0,0,0,1162
3660,0,0,0,0,460
3661,0,0,0,0,460
3662,0,0,0,0,460
3663,0.05,0,0,0,13239
3664,0.15,0,0,0,1.88E+00
3665,0.15,0,0,0,3.52E-10
3666,0,0,0,0,5.45E-10
3667,0.15,0,0,0,13239
3668,0.05,0,0,0,13239
3669,0,0,0,0,13239
3670,0,5,0,0,1162
3671,0,0,0,0,1162
3672,0,0,0,1,1162
3673,0,0,0,0,1162
3674,0,0,0,0,460
3675,0,0,0,0,460
3676,0.05,0,1,0,13239
3677,0.15,0,0,0,13239
3678,0.15,0,0,0,1.46E+00
3679,0.15,0,0,0,13239
3680,0,0,0,0,13239
3681,0,0,0,0,1.92E-18
3682,0,0,0,0,2.91E-06
3683,0,1,0,0,2.91E-06
3684,0,7,0,0,1162
3685,0,1,0,0,1162
3686,0,0,0,0,1162
3687,0,0,0,0,2.49E-04
3688,0,0,0,0,460
3689,0,0,0,0,460
3690,0,0,0,0,612
3691,0.05,1,0,0,612
3692,0,0,0,0,3215
3693,0.05,0,0,0,2.29E-03
3694,0,2,0,0,3215
3695,0,0,0,0,3215
3696,0,0,0,0,3215
3697,0,0,0,0,13239
3698,0.05,0,0,0,13239
3699,0.05,0,0,0,13239
3700,0,0,0,0,13239
3701,0,0,0,0,1.74E+02
3702,0,0,0,0,6.99E-03
3703,0,0,0,0,13239
3704,0,1,0,0,13239
3705,0,35,0,0,5.64E-17
3706,0,0,0,0,1267
3707,0,0,0,0,2.34E-03
3708,0,0,0,0,1267
3709,0,0,0,0,1267
3710,0,0,0,0,1267
3711,0,0,0,0,13239
3712,0,0,0,0,1.54E-03
3713,0,0,0,0,8.52E-14
3714,0,1,0,0,1.54E+00
3715,0,0,0,0,13239
3716,0,0,0,0,7.31E+01
3717,0,11,0,0,3.18E-07
3718,0,0,0,0,1267
3719,0,0,0,0,2.17E-02
3720,0,0,0,0,1267
3721,0,0,0,0,1267
3722,0,0,0,0,13239
3723,0,0,0,0,1.15E-03
3724,0,0,0,0,13239
3725,0,0,0,0,13239
3726,0,5,0,0,2.71E+00
3727,0,0,0,0,1267
3728,0,0,0,0,6.17E-04
3729,0,0,0,0,1267
3730,0,0,0,0,1267
3731,0,0,0,0,1267
3732,0,0,0,0,612
3733,0.05,0,0,0,612
3734,0,0,0,0,990
3735,0,0,0,0,368.1712579
3736,0,0,0,0,1267
3737,0,0,0,0,1267
3738,0,0,0,0,612
3739,0,0,0,0,1267
3740,0,0,0,0,1267
3741,0,0,0,0,1267
3742,0,0,0,0,612
3743,0,0,0,0,990
3744,0,0,0,0,990
3745,0,0,0,0,1267
3746,0,0,0,0,1267
3747,0,0,0,0,612
3748,0.05,0,0,0,612
3749,0,0,0,0,990
3750,0,0,0,0,990
3751,0,0,0,0,990
3752,0,0,0,0,612
3753,0.05,0,0,0,2.52E-06
3754,0,1,0,0,990
3755,0,0,0,0,990
3756,0,1,0,0,1065
3757,0,0,0,0,1065
3758,0.05,0,0,0,612
3759,0,0,0,0,1065
3760,0,0,0,0,1065
3761,0.05,0,0,0,612
3762,0,0,0,0,1065
3763,0,0,0,0,1065
3764,0.05,0,0,0,612
3765,0,0,0,0,1065
3766,0,0,0,0,1065
3767,0.05,0,0,0,28195
3768,0,0,0,0,5.08E+02
3769,0,0,0,0,1683
3770,0,0,0,0,1065
3771,0,4,0,0,5966.144891
3772,0,5,0,0,3215
3773,0,0,0,0,1683
3774,0,0,0,0,1683
3775,0,0,0,0,1683
3776,0,0,0,0,1683
3777,0,0,0,0,28195
3778,0,0,0,0,1683
3779,0,0,0,0,1683
3780,0,0,0,0,1683
3781,0,1,0,0,3.71E+03
3782,0,0,0,0,3215
3783,0,0,0,0,28195
3784,0,3,0,0,8.15E-01
3785,0,0,0,0,1683
3786,0.05,0,0,0,28195
3787,0.05,1,0,0,3215
3788,0,8,0,0,1.12E-07
3789,0,14,0,0,3215
3790,0,3,0,0,3215
3791,0,0,0,0,3215
3792,0,0,0,0,3215
3793,0,0,0,0,3215
3794,0,1,0,0,2.04E-09
3795,0,0,0,0,3215
3796,0,0,0,0,9.51E+00
3797,0,0,0,0,3215
3798,0,0,0,0,3215
3799,0,0,0,0,3215
3800,0,0,0,0,6.83E+00
3801,0,0,0,0,3215
3802,0,0,0,0,3215
3803,0.05,0,0,0,1619.556518
3804,0.05,0,0,0,3215
3805,0,0,0,0,3215
3806,0,0,0,0,3215
3807,0.05,0,0,0,3215
3808,0.05,0,0,0,3215
